"","Timestamp","Amazon","Bank of New York","BARCLAYS","Coca-Cola","Lowe's Companies","Nike","Norfolk Southern Railway","State Street Corporation","Walmart"
"1","2000-01-03",89.38,37,220.3322,56.25,55.75,48.12,20.13,69.75,66.81
"6","2000-01-10",69.19,36.19,192.2654,58.81,55.38,48.69,21.31,71.94,67.25
"11","2000-01-18",64.13,37.38,176.6864,65,53.25,50.63,20.38,76.5,65.56
"16","2000-01-25",69.25,36.31,170.5041,65.88,46,48.88,18.81,77.94,61.13
"21","2000-02-01",67.44,40.88,182.4976,58.13,47.06,46.69,16.75,82.13,58.69
"26","2000-02-08",83.13,39.31,178.6646,57.19,48.44,37,15.38,84.19,59.5
"31","2000-02-15",73.81,36.94,177.7989,55.69,46,30.44,15.19,80.19,58
"36","2000-02-23",70.44,33.25,186.9842,51.25,42.56,28.06,14.75,74.13,47
"41","2000-03-01",65.88,32.44,186.4787,51,47.81,28.13,13.88,72.25,49
"46","2000-03-08",63.63,31,190.5216,47.5,43.88,27.25,12.94,63.38,48.31
"51","2000-03-15",63.75,35.19,188.2474,47.56,45.31,33,13.63,72.81,51.5
"56","2000-03-22",70.69,38.88,195.0701,47.06,50.44,33.75,14.94,92.5,55.38
"61","2000-03-29",66.25,39.31,211.2411,46.88,55.06,39,14,96.75,58.75
"66","2000-04-05",62.19,41.94,207.7037,47.63,59.63,39.19,15.94,100.9,58.25
"71","2000-04-12",56.38,43.38,215.284,48.5,63.5,44.44,18.26,101.4,62.44
"76","2000-04-19",53.44,41.44,207.0719,49.19,54.81,44.06,17.5,93.63,54.94
"81","2000-04-27",52.88,42.25,206.8196,48.25,53.44,43.31,17.69,98.94,57.69
"86","2000-05-04",55.06,40,206.946,48.5,47.38,42.75,16.31,105.6,51
"91","2000-05-11",54.88,43.75,194.4382,53.56,48.69,42.69,19,109,56
"96","2000-05-18",55.38,46.44,200.6289,49.44,49,40.75,19.31,112.9,57.94
"101","2000-05-25",45.5,46.5,216.5479,52.69,46.75,43.38,17.5,109.4,55
"106","2000-06-02",57.88,48.63,215.5369,52.56,50.75,44.25,19.56,110.6,59.06
"111","2000-06-09",52.19,44.63,220.9694,52.31,43.38,41.56,17.94,103.5,54
"116","2000-06-16",46,43.63,219.0743,55.5,43,37.25,16.4,102.8,53.88
"121","2000-06-23",33.88,46.19,197.7228,57.88,42.13,37.06,15.19,102.6,53.75
"126","2000-06-30",36.31,46.5,207.5774,57.44,41.06,39.81,14.88,106.1,57.63
"131","2000-07-10",35.06,48.25,187.2364,57.56,46.75,41.69,16.38,113.5,61.25
"136","2000-07-17",41.13,48.41,194.8173,57.34,48,45.22,16.88,109.5,60.72
"141","2000-07-24",38.75,50.06,193.8063,59.25,43.5,45.94,15.5,105.9,57.44
"146","2000-07-31",30.13,46.81,190.7744,61.31,42.13,43.75,18.68,100.4,55.25
"151","2000-08-07",33.81,52.44,202.2713,61.38,45,45.75,19.38,110.3,55.13
"156","2000-08-14",34.88,51.94,200.2314,63.06,46.81,47.56,18.63,113,52.88
"161","2000-08-21",37.5,50.13,225.3406,59.81,46.06,46.88,17.63,109.5,49
"166","2000-08-28",39.13,50.5,219.3196,57,48.63,40.75,16.63,112.4,49.5
"171","2000-09-05",45.69,51.94,217.6543,56.31,47.25,41.69,16.06,118.6,49.75
"176","2000-09-12",42.69,54.56,218.4226,53.5,53.75,39.77,15.88,122.8,54
"181","2000-09-19",40.75,51.81,219.3196,52.88,47.44,42,15.38,121.9,49.88
"186","2000-09-26",39.75,51.44,228.0305,54.94,47.13,40.06,14.63,125.1,47.38
"191","2000-10-03",35.06,56.94,239.6888,56.31,42.63,41.5,13.88,131.6,45.81
"196","2000-10-10",30.44,52.81,219.5759,58.19,42.13,39.69,13.06,119.3,46.38
"201","2000-10-17",21.94,51.56,225.4688,57.94,37.44,38,12.31,114.6,46
"206","2000-10-24",29.56,54,244.5565,56.13,42,37.06,12.69,115.7,48.38
"211","2000-10-31",36.63,57.56,252.6273,60.38,45.69,39.94,14.13,124.7,45.38
"216","2000-11-07",36.94,59.25,250.4494,60.06,44.31,43,14.94,127.9,48.94
"221","2000-11-14",28.94,56.5,249.1685,60.56,41.81,41.75,15.19,125.9,46.88
"226","2000-11-21",24.25,52.69,249.1685,55.25,39.5,40,14.56,121,47.13
"231","2000-11-29",26.94,56,240.7133,62.13,40.94,42.81,14.56,129.6,51.88
"236","2000-12-06",23.63,54.06,252.371,60.88,40.69,43.31,14.5,129.7,54.81
"241","2000-12-13",23.75,53.31,267.4879,57.81,42.25,45.06,14.06,130.1,50.31
"246","2000-12-20",16.69,52.94,261.3387,56.25,40.25,49.13,13.5,119.4,48.94
"251","2000-12-28",17.38,56.56,268.0005,61.06,42.69,56.75,13.19,126.9,52.94
"256","2001-01-05",14.56,54.56,281.836,57.69,51.81,54.88,15.38,115.7,53.94
"261","2001-01-12",17.69,50.38,266.4627,56.63,50.38,56.44,15.44,113,52.94
"266","2001-01-22",18.5,50.44,276.7114,55.69,45.94,52.94,16.38,100.2,52.56
"271","2001-01-29",20.13,54.04,287.4727,57.12,49.8,52.67,15.56,111.5,54.2
"276","2001-02-05",14.44,54.96,280.4264,59.2,53.1,55.3,16.29,112.6,53.84
"281","2001-02-12",14.5,54.3,291.4439,60.82,54,54.48,17.78,108.4,53.45
"286","2001-02-20",12.5,50.66,290.8032,58.47,58.3,47.81,18.5,100.1,53.4
"291","2001-02-27",11.75,51.95,277.2519,52,57.5,39.6,18.19,102.6,50.99
"296","2001-03-06",11.88,50.74,286.6462,49.8,58.9,39.23,17.37,102,49.55
"301","2001-03-13",11,47.4,264.3356,48.75,59.61,37.83,16.35,96.26,48.8
"306","2001-03-20",10.25,44.22,265.9012,47.43,62.37,38.01,15.35,86.9,47.88
"311","2001-03-27",11.64,48.3,273.9903,46.61,58.6,39.95,16,92.95,50.29
"316","2001-04-03",8.63,48.6,272.0333,44.66,57.1,39.41,16.72,90.02,49.19
"321","2001-04-10",12.01,49.44,277.9044,43.65,56.86,39.42,17.52,93.2,50.84
"326","2001-04-18",16.54,51.35,294.8659,46.75,59.3,38.24,17.48,104.5,52.73
"331","2001-04-25",16.09,50.15,287.6896,48.2,56.6,38.98,16.09,103,50.67
"336","2001-05-02",17.11,50.13,286.5156,47.57,64.23,41.56,19.16,105.5,53.08
"341","2001-05-09",15.01,50.84,291.2128,45.76,60.72,40.02,20.88,104.9,51.59
"346","2001-05-16",14.13,53.51,281.1665,48.23,65.75,42.01,22.75,111,51.65
"351","2001-05-23",15.6,54.76,282.4711,48.7,70,43.7,22.34,112.5,52.52
"356","2001-05-31",16.69,54.61,275.9473,47.4,69.53,41.1,22.17,54.97,51.75
"361","2001-06-07",16.13,53.05,296.6924,46.12,74,42.34,22.78,54.13,51.1
"366","2001-06-14",13.29,51.02,293.1699,45.02,72.93,41.45,19.99,51.63,49.5
"371","2001-06-21",13.08,52.7,283.7756,43.59,78.9,43.53,19.92,51.1,50.45
"376","2001-06-28",14.36,49.1,288.4727,45.35,75.4,41.98,20.04,47.95,49.37
"381","2001-07-06",15.27,46.59,270.3372,44.6,34.6,41.8,20.05,49.89,47.34
"386","2001-07-13",16.98,49.4,275.0344,46.01,36.44,45.13,21.5,51.33,52.9
"391","2001-07-20",16.98,42.5,272.5553,46.11,39.1,47.36,21.16,51.53,54.28
"396","2001-07-27",12.25,45.2,258.7255,44.79,38.9,46.8,20.37,53.8,55.41
"401","2001-08-03",12.15,45.13,284.95,44.7,36.93,50.15,20.16,54.56,55.39
"406","2001-08-10",9.95,45.45,284.0366,45.67,36.11,49.44,20.43,52.32,53.6
"411","2001-08-17",9.99,44,296.3287,47.54,35.04,48.73,20.45,50.4,50.8
"416","2001-08-24",10.23,42.18,295.1409,49.21,39.2,51.28,19.89,50.66,50.95
"421","2001-08-31",8.94,39.7,275.7467,48.67,37.2,50,18.62,48.56,48.05
"426","2001-09-10",8.63,37.02,252.5258,49.95,31.86,48.65,18.9,45.32,46.23
"431","2001-09-21",7.48,30.62,200.279,46.8,26.9,43.68,15.5,40.25,44.66
"436","2001-09-28",5.97,35,246.8527,46.85,31.65,46.81,16.12,45.5,49.5
"441","2001-10-05",7.2,33.61,259.5187,45.5,32.3,47.8,16.02,43.98,52.4
"446","2001-10-12",8.07,35.42,271.7886,44.8,34.69,48.08,16.2,44.09,52.9
"451","2001-10-19",8.01,33.58,266.247,48.59,34.4,48.13,15.55,43.45,53.01
"456","2001-10-26",7.56,35.98,278.2531,49.14,34.75,49.64,17.55,47.35,53.42
"461","2001-11-02",6.71,33.96,275.6147,48.88,36.8,49.18,17.6,45.21,52.97
"466","2001-11-09",7.12,37.73,278.649,49.22,38.42,49.55,17.92,50.08,55.1
"471","2001-11-16",8.95,37.86,291.9748,49.93,40.35,52.95,19.59,50.94,55.1
"476","2001-11-26",12.21,40.41,288.2807,48.31,42.82,52.29,19.43,54.45,55.75
"481","2001-12-03",10.49,38.2,275.4828,46.53,45.55,52.89,18.93,50.9,54.58
"486","2001-12-10",11.65,40.75,279.7048,45.63,45.7,54.42,18.9,53.38,54.27
"491","2001-12-17",10.81,39.25,284.982,46.15,45.85,52.31,18.71,51.1,55.85
"496","2001-12-24",9.83,40.76,295.537,48.37,47.38,57.05,18.45,51.77,57.13
"501","2002-01-02",10.96,40.99,298.8357,47.47,45.37,56.92,18.58,52.11,58.05
"506","2002-01-09",11.53,43.46,302.1338,44.56,43.15,56.54,19.59,54.92,56.4
"511","2002-01-16",9.13,43.23,288.2807,44.35,42,56.2,18.12,54.78,56.87
"516","2002-01-24",14.01,43,297.9117,44.22,44.61,58.74,20.98,54.59,59.67
"521","2002-01-31",14.19,40.98,294.6137,43.75,46.07,59.91,22.55,53.78,59.98
"526","2002-02-07",11.24,37.42,283.267,45.88,43.58,60.05,20.9,51.31,58.39
"531","2002-02-14",13.88,39.1,286.3017,46.99,46.12,60.48,21.08,51.76,60.49
"536","2002-02-22",13.07,37.13,272.448,47.3,46.05,59.4,22.02,48.95,59.95
"541","2002-03-01",15.39,38.58,285.3116,48.41,43.99,58.85,25.19,50.99,62.81
"546","2002-03-08",16.35,41.09,299.0716,47.85,42.75,58.2,25.05,56.49,62.52
"551","2002-03-15",14.03,43.41,306.0859,48.64,44.84,62.75,24.08,57.42,63.75
"556","2002-03-22",15.53,42.4,295.8337,51.25,45.03,59.5,23.46,56.02,62.05
"561","2002-04-01",14.8,41.3,292.7313,52.3,43.23,58.74,23.39,55.01,59.56
"566","2002-04-08",13.95,39.1,287.7397,53,44.2,58.55,23,54.45,59.78
"571","2002-04-15",13.89,37.43,304.8719,52.39,44.15,57.04,23.12,53.36,59.93
"576","2002-04-22",14.31,37.23,305.816,55.3,44.34,57,23.09,53.55,57.55
"581","2002-04-29",16.18,36.14,330.233,54.64,42.56,53.9,21.08,50.59,56.2
"586","2002-05-06",16.12,34.94,336.7083,56.59,41.9,54,20.71,46.56,53.99
"591","2002-05-13",17.32,35.21,332.1216,56.89,41.66,53.7,20.87,46.21,55.04
"596","2002-05-20",19.39,37.2,332.1216,56.2,46.8,54.4,21.49,47.62,57.8
"601","2002-05-28",19.06,36.07,319.9808,54.64,47.99,53.7,20.53,46.25,54.79
"606","2002-06-04",17.97,34.65,318.3615,54,46,50.39,20.86,44.42,54
"611","2002-06-11",17.14,33.25,315.1242,54,47.15,50.4,21.91,44.08,56.45
"616","2002-06-18",18.78,35.3,291.9217,55.3,45.2,53,22.05,45,58.55
"621","2002-06-25",15.34,33.56,291.6518,55.45,44.4,49.6,21.44,43.25,55.1
"626","2002-07-02",13.32,32.68,288.6843,56.68,43.8,54.7,23.46,43.42,53.42
"631","2002-07-10",14.96,31.18,260.0855,54.7,43.1,55.67,22.52,40.92,53.76
"636","2002-07-17",16.16,30.47,256.3083,50,38.19,53.5,20.44,42.58,48.25
"641","2002-07-24",14.1,29.85,225.0119,46.85,37.5,48.4,19.07,38.99,47.94
"646","2002-07-31",14.46,32.02,263.8624,49.94,37.85,49.29,20.25,42.5,49.18
"651","2002-08-07",13.6,30.88,236.8828,49.01,36.48,44.56,20.24,40.78,48.38
"656","2002-08-14",13.91,33.54,241.6658,51.95,36.75,44.25,21.04,43.98,52.62
"661","2002-08-21",15.38,35,259.4757,52.74,42.84,45.49,21.69,44.48,54.09
"666","2002-08-28",14.57,34.85,257.5578,51.28,41.05,44.53,21.19,43.28,53.4
"671","2002-09-05",14.25,32.67,235.6379,49.35,42.28,41.87,20.17,40.51,50.94
"676","2002-09-12",16.75,32.05,241.9398,49.55,43.69,41.78,21.01,39.95,53.12
"681","2002-09-19",17.21,29.71,217.8285,47.67,43.3,44.01,21.09,38.18,53.7
"686","2002-09-26",17.15,29.6,213.1704,48.43,43.65,45.61,22.06,40.25,53.71
"691","2002-10-03",16.75,23.95,223.3081,50.62,39.9,42.04,21.36,35.12,51.1
"696","2002-10-10",17.96,23.05,219.1982,51.46,37.06,39.83,20.56,34.3,51.64
"701","2002-10-17",18.74,26.74,260.7091,45.9,42.75,44.5,21.9,40.79,55.33
"706","2002-10-24",19.86,26.48,242.762,46.89,43.82,45.6,21.01,40.28,56.47
"711","2002-10-31",19.35,26,242.2139,46.48,41.73,47.19,20.2,41.37,53.55
"716","2002-11-07",19.12,25.68,249.338,44.82,39.97,44.54,21.75,42.9,54
"721","2002-11-14",21.21,27.11,239.4743,45.14,41.89,45.23,21,43.24,55.57
"726","2002-11-21",23.4,29.8,254.8176,45.76,39.16,45.07,20.11,47.21,53.95
"731","2002-11-29",23.35,30.35,254.8176,45.64,41.5,44.78,19.73,45,53.9
"736","2002-12-06",22.61,27.48,222.76,45.4,40.81,45.12,20.19,42.43,53.04
"741","2002-12-13",22.18,25.32,205.6352,45.85,38.91,42.53,19.43,40.67,50.54
"746","2002-12-20",21.8,24.28,205.224,44.08,38.36,45.1,19.79,40.25,50.79
"751","2002-12-30",19.25,23.96,207.1426,43.51,37.85,44.52,19.83,39.17,50.64
"756","2003-01-07",21.55,26.54,212.6222,44.36,36.95,45.66,20.56,41.17,50.46
"761","2003-01-14",22.74,27.23,210.9784,45.73,37.73,46.68,20.17,40.1,51.41
"766","2003-01-22",21.17,25.76,191.5245,44.55,35.15,43.42,18.12,39.94,48.07
"771","2003-01-29",21.62,25.4,180.1535,41.1,34.6,44.61,18.61,40.15,48.18
"776","2003-02-05",22.17,24.25,202.3474,40.05,34.62,43.29,19.43,37.8,46.74
"781","2003-02-12",21.03,22.71,187.4146,39.74,34.26,43.67,19.06,36.55,47.85
"786","2003-02-20",21.36,23.02,208.2383,40.05,34.95,45.68,18.67,37.19,48.08
"791","2003-02-27",21.62,22.87,196.3049,40.26,38.83,46.23,18.95,36.58,48.16
"796","2003-03-06",22.69,21.55,195.4523,37.55,37.45,46.61,18.65,35.2,47.4
"801","2003-03-13",24.42,20.88,189.3446,39.45,38.58,49,18.2,35.28,49.55
"806","2003-03-20",27.45,22.42,215.0542,41.53,41.16,52.85,19.19,38.5,53.11
"811","2003-03-27",27.77,21.38,214.7708,40.86,41.69,52.21,19.1,31.65,53.54
"816","2003-04-03",26.65,22.1,224.7135,41.2,43.03,52.17,18.64,32.75,54.05
"821","2003-04-10",25.67,22.68,225.566,41.44,43.65,52.67,19.42,32.65,54.58
"826","2003-04-17",24.99,24.7,235.2245,40.4,45.65,52.3,19.85,33.18,55.41
"831","2003-04-25",28.97,25.42,238.0656,39.42,44.42,52.22,20.6,34.42,55
"836","2003-05-02",29.43,26.94,243.1794,41,44.15,53.64,21.15,36.15,56.15
"841","2003-05-09",30.965,26.24,232.3841,43.99,45.29,54.05,21.42,36.49,55.8
"846","2003-05-16",33.05,27.2,240.9066,43.95,44.3,52.86,21.68,37.85,52.92
"851","2003-05-23",32.72,27.09,235.935,44.19,39.87,51.84,21.33,36.75,52
"856","2003-06-02",35.4,29.54,250.2817,45.8,42.2,55.97,21.88,39.3,52.46
"861","2003-06-09",33.68,28.5,249.9975,46.87,42.85,55.28,21.57,38.75,53.79
"866","2003-06-16",35.84,29.88,261.9288,48.2,45.17,55,21.95,40.75,55.25
"871","2003-06-23",35.58,28.22,259.9402,46.75,43.3,55.37,19.54,39.24,53.74
"876","2003-06-30",36.32,28.75,255.679,46.41,42.95,53.49,19.2,39.4,53.67
"881","2003-07-08",40.51,30.04,258.6622,44.22,45.3,53.71,19.72,42.31,56.7
"886","2003-07-15",38.43,31.44,261.9288,43.99,47.09,53.09,19.59,44.8,57.32
"891","2003-07-22",34.87,31.06,259.0884,45.09,47,51.45,19.38,44.52,56.9
"896","2003-07-29",41.39,29.82,263.9174,44.86,47.5,51.79,18.32,45.31,55.49
"901","2003-08-05",38.67,28.9,255.679,44.36,45.93,49.79,18.46,43.35,55.3
"906","2003-08-12",39.85,29.63,279.2587,44.65,48.35,53.73,18.73,44.5,58.8
"911","2003-08-19",43.57,30,278.9019,44.3,52.67,54.65,18.51,44.6,58.88
"916","2003-08-26",45.93,29.56,269.5234,44.23,52.62,55.42,18.34,44.23,59.1
"921","2003-09-03",46.19,30.4,269.812,43.71,55.07,57.24,19.63,45.05,59.98
"926","2003-09-10",46.22,29.8,270.3886,44.95,51.06,55.39,19.08,43.98,56.85
"931","2003-09-17",46.16,30.41,286.6929,43.01,52.91,57.12,19.3,45.9,57.59
"936","2003-09-24",49.61,30.22,279.3349,42.99,52.88,60.85,18.89,45.77,56.62
"941","2003-10-01",49.12,30.44,279.7672,43.89,53.67,61.87,18.83,46,57.06
"946","2003-10-08",55.7,30.93,291.743,44.24,57.26,63.98,18.8,47.4,58.52
"951","2003-10-15",58.54,32.63,299.8227,45.1,57.92,64.54,18.72,52.39,59.07
"956","2003-10-22",54.03,30.56,297.5141,45.32,57.56,62.62,18.44,50,58.24
"961","2003-10-29",56.69,31.08,284.5287,45.85,59.3,63.27,19.37,52.24,58.85
"966","2003-11-05",56.74,31.25,283.9514,46.98,58.8,63.26,20.6,50.74,57.92
"971","2003-11-12",54.13,31.25,287.9918,47.08,58.72,61.96,21.15,50.35,57.96
"976","2003-11-19",49.53,29.65,280.9219,46.86,57.55,61.19,20.77,49.95,55.21
"981","2003-11-26",52.96,30.66,293.7629,46.69,58.13,67.35,21.6,51.07,55.7
"986","2003-12-04",51.8,31.56,291.4543,47.16,56.08,65.26,22.52,51.72,53.02
"991","2003-12-11",50.8,32.3,276.5934,48.39,55.63,64.69,23.1,50.86,52.81
"996","2003-12-18",48.75,32.32,283.519,49.94,55.61,66.8,23.5,50.35,52.6
"1001","2003-12-26",53.47,33.02,283.519,49.96,54.86,67.85,23.52,51.54,52.52
"1006","2004-01-05",53.27,34.18,292.0317,50.41,53.77,67.55,23.93,53.65,52.12
"1011","2004-01-12",52.95,33.2,293.4743,50.01,51.51,68.85,22.88,55.22,52.51
"1016","2004-01-20",56.61,34.3,300.5443,49.93,52.35,69.86,22.7,55.98,52.95
"1021","2004-01-27",55.74,31.49,288.5686,49.99,55.52,69.61,23.25,54.01,54.43
"1026","2004-02-03",44.94,31.59,285.8276,49.83,53.23,70.05,21.89,53.18,55.01
"1031","2004-02-10",45.59,31.87,294.3401,52.17,56.09,72.24,22.59,53.36,57.53
"1036","2004-02-18",44.87,32.75,289.4345,51.24,57.47,72.44,22.25,54.21,57.2
"1041","2004-02-25",42.94,32.8,294.8812,49.65,55.53,74.37,21.75,54.08,59.88
"1046","2004-03-03",43.17,33.2,291.4648,49.14,55.53,73.83,21.45,52.84,60.36
"1051","2004-03-10",41.55,32.06,298.4469,49.9,54.01,76.65,21.14,51.09,58.76
"1056","2004-03-17",42.8,32.94,291.4648,48.88,53.7,76.15,21.15,53.46,58.35
"1061","2004-03-24",39.63,31.28,284.0369,48.49,52.74,76.6,21,51.51,58.58
"1066","2004-03-31",43.28,31.5,284.7798,50.3,56.13,77.87,22.09,52.13,59.69
"1071","2004-04-07",45.85,32.4,284.0369,51.08,54.06,76.75,22.2,53.02,57.98
"1076","2004-04-15",46.99,30.7,291.1676,51.2,53.22,75.59,22.12,49.35,57.79
"1081","2004-04-22",48.86,30.3,301.8633,51.46,53.29,75.67,24.24,49.1,58.6
"1086","2004-04-29",46.19,29.37,301.7147,50.46,52.24,72.14,24.05,48.89,57.57
"1091","2004-05-06",43.14,30.14,300.0808,51.07,51.5,68.35,24.26,49.62,54.58
"1096","2004-05-13",43.61,29.11,296.9608,49.61,50.42,68.15,24.17,46.83,55.25
"1101","2004-05-20",40.98,29.06,295.9213,49.63,51.37,66.43,23.63,47.15,54.84
"1106","2004-05-27",47.62,30,287.8991,51.32,53.97,70.94,24.1,48.42,55.97
"1111","2004-06-04",50.95,30.01,286.8596,52.27,54.37,69.28,24.8,48.21,56.59
"1116","2004-06-14",49.25,29.19,287.8991,51.38,54.01,71.23,24.49,47.77,56.38
"1121","2004-06-21",49.77,28.74,290.1274,51.17,53.67,71.19,24.94,49.08,54.93
"1126","2004-06-28",53.39,29.21,284.0369,50.39,53.98,75.9,25.91,48.87,52.46
"1131","2004-07-06",51.24,28.73,272.5983,50.66,53.45,74.97,25.04,48.89,52.08
"1136","2004-07-13",49.6,28.05,270.37,50.66,52.6,73.9,25.67,44.95,53.01
"1141","2004-07-20",46.99,28.8,261.9024,50.08,49.71,72.6,26.62,44.03,53.25
"1146","2004-07-27",39.11,28.56,267.6959,43.75,48.87,70.75,25.9,42.76,53.9
"1151","2004-08-03",37.61,28.84,273.7864,44.11,48.02,72.7,26.73,43.56,52.87
"1156","2004-08-10",37.1,28.31,306.6171,43.46,47.58,70.86,26.82,43.03,52.11
"1161","2004-08-17",38.23,28.71,311.3708,44.33,49.69,71.6,27.08,44.71,54.97
"1166","2004-08-24",39.05,29.49,311.9336,44.02,50.15,74.47,27.47,44.96,53.86
"1171","2004-08-31",38.14,29.8,311.0273,44.71,49.7,75.31,28.4,45.14,52.67
"1176","2004-09-08",38.01,30.1,318.8857,43.45,52.3,77.35,29.2,45.63,53.08
"1181","2004-09-15",42.21,29.55,322.3618,41.16,52.77,76.3,28.61,45.04,52.91
"1186","2004-09-22",41.38,30.13,329.1627,40.42,53.11,78.96,29.17,42.6,51.67
"1191","2004-09-29",40.84,29.5,326.4423,40.01,54.82,78.53,29.45,42.15,53
"1196","2004-10-06",41.36,30.86,338.8351,40.9,55.39,80.07,30.84,43.64,53.98
"1201","2004-10-13",39.98,30.59,337.928,39.39,54.96,77.58,30.72,41.67,52.55
"1206","2004-10-20",38.35,31.32,331.8832,39.45,56.08,79.65,31.08,43.02,52.48
"1211","2004-10-27",34.23,32.4,326.7445,40.43,56.17,81.5,33.44,44.81,53.72
"1216","2004-11-03",35.92,33.01,336.1146,40.85,58.34,83.07,34.19,45.63,54.48
"1221","2004-11-10",38.09,32.9,341.2532,41.17,59.33,84.3,34.71,45.05,56.05
"1226","2004-11-17",39.9,32.87,348.5076,40.28,57.67,85.99,33.8,45.4,56.24
"1231","2004-11-24",38.75,32.91,338.8351,39.8,57.44,85.43,34.21,44.88,55.5
"1236","2004-12-02",40.17,32.95,333.9989,40.42,57.41,86.7,35.38,45.41,53
"1241","2004-12-09",39.82,32.97,331.2784,40.81,58.51,87.52,35.02,45.09,52.77
"1246","2004-12-16",40.05,33,348.8099,41.13,57.54,85.9,35.11,48.13,52.75
"1251","2004-12-23",38.93,33.76,351.5303,41.51,57.3,91.63,36.04,48.44,52.55
"1256","2004-12-31",44.29,33.42,354.2501,41.64,57.59,90.69,36.19,49.12,52.82
"1261","2005-01-07",42.32,33.31,360.9003,41.16,56.66,87.7,36.46,48.57,53.99
"1266","2005-01-14",44.55,32.5,359.3886,40.97,56.87,88.95,36.22,46.68,53.99
"1271","2005-01-24",40.38,30.63,350.3209,40.96,55.09,86.31,33.31,45.03,53.07
"1276","2005-01-31",43.22,29.71,351.8326,41.49,56.99,86.63,34.92,44.81,52.4
"1281","2005-02-07",35.69,30.31,358.7847,42.49,58.95,86.2,35.29,45.68,53.51
"1286","2005-02-14",36.03,30.62,366.3407,42.86,59.1,85.21,35.28,45.44,52.15
"1291","2005-02-22",34.72,29.45,365.7366,42.79,57.53,83.9,34.4,43.05,52
"1296","2005-03-01",35.39,30.45,357.3696,43.27,58.78,87.8,36.47,44.5,52.04
"1301","2005-03-08",35.83,30.91,348.6611,43.42,57.75,86.5,37.62,44.68,52.42
"1306","2005-03-15",34.18,30.22,356.4369,42.24,57.57,87.15,37.04,44.6,51.03
"1311","2005-03-22",33.15,29.4,339.9526,41.4,56.25,82.54,38.2,43.95,50.9
"1316","2005-03-30",34.32,29.03,338.7082,41.95,56.89,82.35,37.08,43.51,50.84
"1321","2005-04-06",34.82,29.25,342.7513,41.71,56.51,82.69,36.53,43.4,49.5
"1326","2005-04-13",34.3,28.94,350.8382,42.1,53.81,79.75,33.48,42.24,48.57
"1331","2005-04-20",33.25,27.5,342.1298,41.88,51.5,76.44,31.9,43.77,47.35
"1336","2005-04-27",31.72,27.68,334.6651,42.82,52.28,78.07,32.04,46.28,47.29
"1341","2005-05-04",33.96,28.58,340.263,43.93,53.39,77.65,32.09,47.49,48.45
"1346","2005-05-11",33.82,28.06,334.0429,44.27,53.78,77.84,31.83,46.78,48.6
"1351","2005-05-18",35.33,29.27,338.7082,44.92,57.42,81.92,32.07,48,47.58
"1356","2005-05-25",35.25,28.73,342.1298,44.9,56.92,81.61,31.65,47.43,47.3
"1361","2005-06-02",36.41,29.1,329.0664,44.78,57.75,83.82,32.34,48.89,48.22
"1366","2005-06-09",35.2,28.99,323.4677,43.65,58.82,85.65,31.52,50.13,47.82
"1371","2005-06-16",35.58,29.16,330.6213,43.78,59.06,88.15,32.61,49.13,49.35
"1376","2005-06-23",35.43,29.11,350.5271,43.07,57.55,90.1,31.17,48.49,47.88
"1381","2005-06-30",33.09,28.78,345.5507,41.75,58.22,86.6,30.96,48.25,48.2
"1386","2005-07-08",34.74,28.8,346.1729,42.73,59.52,86.24,32.15,48.88,49.9
"1391","2005-07-15",37.15,29.66,358.303,43.08,63.65,88.5,33.17,50.86,50.25
"1396","2005-07-22",37.95,31.13,351.4604,44.03,65.73,86.63,34.89,49.67,49.54
"1401","2005-07-29",45.15,30.78,346.4839,43.76,66.22,83.8,37.21,49.74,49.35
"1406","2005-08-05",45.27,30.38,358.303,44.06,63.07,85.03,37.02,48.35,49.32
"1411","2005-08-12",44.2,30.36,360.169,43.58,65.19,81.58,37.05,48.1,48.7
"1416","2005-08-19",43.72,31,353.2244,44.39,64.69,80.34,36.63,48.17,46.58
"1421","2005-08-26",42.37,30.48,348.1602,43.57,63.18,79.72,36.48,47.81,45.7
"1426","2005-09-02",41.51,30.96,352.9077,43.9,64.25,77.02,36.06,49.04,44.55
"1431","2005-09-12",44.5,30.66,361.4531,44.25,68.81,80,36.59,49.33,45.89
"1436","2005-09-19",42.75,30.07,359.5542,43.36,64.33,83.45,37.26,49.62,44.01
"1441","2005-09-26",43.34,29.3,362.0862,42.37,65.27,81.35,38.76,48.48,43.11
"1446","2005-10-03",46.01,29.27,371.2649,43.21,64.1,82.3,40.65,49.36,43.76
"1451","2005-10-10",43.76,28.86,358.9211,41.98,61.9,82.58,39.53,49.92,44.54
"1456","2005-10-17",45.02,29.6,345.3115,42.09,61.31,82.17,39.8,50.16,45.24
"1461","2005-10-24",46.93,30.5,346.5773,42.4,61.97,84.1,39.75,54.09,46.21
"1466","2005-10-31",39.86,31.29,354.49,42.78,60.77,84.05,40.2,55.23,47.31
"1471","2005-11-07",41.39,31.62,372.8478,42.41,61.95,88,41.96,55.73,48.05
"1476","2005-11-14",42.53,32.45,378.8611,42.58,64.89,86.51,42.17,56.98,49.3
"1481","2005-11-21",47.99,32.38,384.5584,42.15,66.38,86.44,44,58.18,49.62
"1486","2005-11-29",48.55,32.96,376.9622,43.05,67.75,85.9,44.27,58.96,49.01
"1491","2005-12-06",49.26,32.6,382.0265,42.54,67.36,87.13,43.36,59,47.62
"1496","2005-12-13",49.5,32.51,377.2788,40.96,68.81,87.92,43.08,59.15,49.47
"1501","2005-12-20",48.14,31.75,382.0265,41.22,68.57,88.48,42.93,57.23,48.6
"1506","2005-12-28",48.06,31.98,388.6729,40.78,67.01,87.6,44.95,56.77,47.84
"1511","2006-01-05",47.65,32.83,393.4205,41.02,65.47,86.07,42.85,57.29,45.69
"1516","2006-01-12",44.36,33.44,397.8522,41.44,66.34,86.31,42.42,57.98,45.74
"1521","2006-01-20",43.92,31.47,378.2286,40.09,63.13,84.2,44.27,57.87,45
"1526","2006-01-27",45.22,31.59,387.7237,41.97,65.11,83.15,49.48,59.85,45.84
"1531","2006-02-03",38.33,32.25,388.6729,40.88,63.52,83.69,49.24,59.97,45.49
"1536","2006-02-10",38.52,32.94,406.3975,41.16,62.62,84.47,49,60.12,45.75
"1541","2006-02-17",39.19,34.59,413.3605,41.79,66.27,84.9,49.35,61.56,46.1
"1546","2006-02-27",38.01,34.62,426.3376,42.53,69.3,87.3,51.32,62.49,45.76
"1551","2006-03-06",36.86,34.21,425.9971,41.95,66.68,86.92,51.72,61.45,45.12
"1556","2006-03-13",36.19,34.79,435.1167,42.49,65.85,84.45,51.21,61.19,45.27
"1561","2006-03-20",36.23,35.18,440.9785,42.89,68,85.51,53.99,62.93,47.76
"1566","2006-03-27",35.25,34.76,437.7221,42.39,65.9,85.45,53.7,60.66,47.95
"1571","2006-04-03",36.14,35.85,437.3963,41.87,64.18,84.91,55.16,60.58,46.77
"1576","2006-04-10",36.61,35.04,453.6804,41.48,65.17,83.09,54.13,60.36,45.7
"1582","2006-04-19",36.89,35.61,440.6527,41.69,63.8,82.12,55.87,64.69,46.47
"1587","2006-04-26",35.79,34.46,445.538,41.72,62.86,81.26,55.38,63.61,45.98
"1593","2006-05-04",34.47,35.45,438.373,42.08,62.74,80.96,56.2,64.98,46.4
"1598","2006-05-11",33.53,34.25,427.626,43.38,64.31,81.31,56.01,64.1,47.25
"1603","2006-05-18",32.61,32.9,400.9195,43.55,61.5,79.75,49.7,60.35,47.22
"1608","2006-05-25",35.63,33.07,391.8004,44.37,62.04,79.65,52.17,62.24,49.45
"1613","2006-06-02",34.76,33.43,406.4562,43.89,63.46,81.79,53.6,63.35,47.83
"1618","2006-06-09",33.88,32.51,397.6624,43.68,62.28,81.47,48.64,60.58,47.3
"1623","2006-06-16",35.09,31.8,390.4974,43.21,62.24,83.15,50.42,58.88,48.31
"1628","2006-06-23",36.55,31.9,388.8692,42.75,60.86,84.36,50.89,57.5,47.94
"1633","2006-06-30",38.68,32.2,400.2678,43.02,60.67,81,53.22,58.09,48.17
"1638","2006-07-10",35.79,32.33,402.5476,43.63,28.7,78.98,51.9,56.34,46.18
"1643","2006-07-17",33.67,31.85,383.3325,42.7,27.94,78.89,49.45,55.9,43.02
"1648","2006-07-24",34.31,33.71,399.6164,44,28.85,80.64,46.95,58.48,44.43
"1653","2006-07-31",26.89,33.61,409.0616,44.5,28.35,79,43.42,60.06,44.5
"1658","2006-08-07",26.78,34.05,410.3641,43.61,28.65,77.92,41.53,61.8,44.82
"1663","2006-08-14",26.53,33.75,422.74,43.99,28.1,77.18,41.49,61.18,45.1
"1668","2006-08-21",28.13,34.14,430.5257,44.19,28.35,76.77,42.46,61.47,44.09
"1674","2006-08-29",29.52,34.07,437.817,45.14,27.23,79.97,42.3,61.2,44.49
"1679","2006-09-06",30.8,33.92,440.8,44.7,27.45,80.97,41.46,61.97,45.4
"1684","2006-09-13",31.67,34.7,448.4228,44.61,28.96,83.1,43.69,63.15,48.08
"1689","2006-09-20",32.12,35.18,443.4513,44.45,28.31,82.6,42.51,62.88,48.87
"1694","2006-09-27",32.33,35.67,441.1316,44.71,28.37,88.11,43.66,62.58,49.5
"1699","2006-10-04",32.76,35.66,457.0402,44.8,29.96,89.3,45.48,64.81,49.55
"1704","2006-10-11",32.91,35.67,470.2974,44.12,30.5,88.44,45.71,64.05,48.31
"1709","2006-10-18",32.31,34.81,474.9372,43.96,31.3,89.01,48.64,63.83,48.35
"1714","2006-10-25",37.68,34.32,472.2859,47.19,30,93.35,53.73,62.72,50.85
"1719","2006-11-01",37.56,33.86,467.6459,46.64,29.62,91.39,52.56,63.86,48.85
"1724","2006-11-08",39.47,34.58,473.6119,46.88,29.52,92.98,52.81,63.97,47.03
"1729","2006-11-15",42.6,35.28,468.9712,46.65,30.54,95.49,50.73,63.7,47.68
"1734","2006-11-22",42.96,35.89,463.6692,47.1,30.34,97.03,50,64.25,48.03
"1739","2006-11-30",40.34,35.54,451.0743,46.83,30.16,98.95,49.25,62.17,46.1
"1744","2006-12-07",38.12,39.3,468.6406,48.72,30.87,97.94,51.08,64.88,46.37
"1749","2006-12-14",39.02,39.4,478.5833,49,31.46,97,51.57,65.86,46.52
"1754","2006-12-21",39.89,39.56,480.9031,48.66,30.23,100.29,49.72,67.56,45.71
"1760","2007-01-03",38.7,39.69,504.1032,48.58,32.04,97.67,49.23,68.11,47.55
"1765","2007-01-10",37.15,39.62,500.1255,48.68,32.47,99.76,48.19,69.43,47.28
"1770","2007-01-18",36.98,40.94,494.4919,48.35,33.59,99.67,52.49,71.58,48.39
"1775","2007-01-25",37.08,40.54,500.1255,47.94,33.08,95.84,48.82,70.22,48.15
"1780","2007-02-01",38.7,40.17,497.1431,48.1,34.24,100.68,50.35,71.77,47.78
"1785","2007-02-08",39.1,41.58,507.7493,47.86,33.75,103.39,49.01,68.23,48.31
"1790","2007-02-15",40.06,43.31,519.6804,47.85,33.88,105.51,51.54,70.59,48.36
"1795","2007-02-23",40.78,42.51,523.657,47.3,34.93,108.04,50.95,69.22,49.57
"1800","2007-03-02",37.69,39.81,475.9319,45.89,31.94,103.86,46.34,65.08,47.81
"1805","2007-03-09",38.84,39.22,501.7814,47.57,32.34,105.85,48.54,65.32,47.42
"1810","2007-03-16",37.85,39.02,466.5746,47.21,30.93,107.47,48.77,63.26,46.21
"1815","2007-03-23",38.98,40.81,518.1886,48.05,32.37,109.05,51.97,66.04,47.91
"1820","2007-03-30",39.79,40.55,492.8941,48,31.49,106.26,50.6,64.75,46.95
"1826","2007-04-10",41.86,40.97,502.4647,50.08,31.61,54.01,52.74,66.87,47.94
"1831","2007-04-17",45.07,41.57,511.3518,51.57,31.79,54.15,54.04,68.71,48.17
"1836","2007-04-24",44.75,40.61,487.0831,51.71,31.1,53.51,55.57,68.91,48.69
"1841","2007-05-01",61.185,40.4,491.5272,52.63,30.7,52.99,52.65,68.71,48.33
"1847","2007-05-09",62.85,41.26,490.8434,53.11,31.72,53.92,54.77,69.64,47.93
"1852","2007-05-16",63.22,41.21,486.7412,52.74,31.28,52.99,56.79,67.05,47.18
"1857","2007-05-23",69,40.18,491.8683,51.33,31.79,54.82,57.65,67.98,46.33
"1862","2007-05-31",69.14,40.56,493.5779,52.99,32.82,56.75,57.88,68.27,47.6
"1867","2007-06-07",72.0399,38.47,496.3125,51.38,31.72,54.1,54.12,66.42,49.76
"1872","2007-06-14",71.94,41.64,506.5666,51.31,31.5,53.68,55.41,68.77,49.28
"1877","2007-06-21",69.67,41.35,498.0213,52.09,31.9,53.58,55.31,69.42,48.39
"1882","2007-06-28",68.89,41.91,476.1451,52.63,30.74,58.29,53.24,69.07,48.21
"1887","2007-07-06",68.97,45.2,491.1853,52.6,31.11,59.67,54.02,69.85,48.39
"1892","2007-07-13",75.1,46.14,495.2865,53.11,30.76,59.01,55.85,70.02,49.15
"1897","2007-07-20",71.63,44.66,487.7668,53.21,29.63,58.52,56.84,70,48.06
"1902","2007-07-27",84.0399,42.36,466.2326,52.28,27.77,55.44,52.34,66.71,45.94
"1907","2007-08-03",76.7999,40.65,464.182,53.28,27.45,56.5,50.84,66.27,45.52
"1912","2007-08-10",74.7801,42.33,436.153,54.98,27.76,55.78,51.3,68.03,46.07
"1917","2007-08-17",75.02,43.44,445.8931,54.45,26.87,54.47,50.97,64,43.49
"1922","2007-08-24",79.25,42.12,426.0213,54,30.2,54.12,51.53,64.3,43.74
"1928","2007-09-04",82.7,41.3,444.4982,54.37,30.86,56.42,51.54,62.66,43.3
"1933","2007-09-11",86.28,40.46,423.5809,55.66,30.08,55.53,50,61.15,42.94
"1938","2007-09-18",88.75,44.29,423.2321,56.4058,31.89,58.79,52.2,67.03,44.44
"1943","2007-09-25",93.4799,42.9,416.9567,57.02,28.51,58.45,51.51,66.63,43.16
"1948","2007-10-02",92.36,44.86,432.9941,57.92,28.71,59.16,52.06,68.25,44.87
"1953","2007-10-09",95.3237,45.03,464.0213,57.88,29.01,61.77,54.03,69.1,45.21
"1958","2007-10-16",89.53,44.35,428.8102,57.76,27.75,63.91,52.15,74.68,45.86
"1963","2007-10-23",100.82,47.47,410.3333,59.75,26.72,64.12,54,77.13,43.93
"1968","2007-10-30",88.24,47.98,414.8652,61.73,26.99,64.93,51.2,78.6,45.37
"1973","2007-11-06",87.27,48.28,365.3601,61.01,24.73,63.99,51.21,79.33,44.29
"1978","2007-11-13",79.86,47.29,367.4524,61.04,25.05,63.99,50.31,78.43,45.97
"1983","2007-11-20",80.39,45.9,360.1308,62.79,22.51,62.28,49.57,77.41,45.5
"1988","2007-11-28",90.3,47.58,386.2783,62.99,23.47,65.21,51.33,78.9,47.23
"1993","2007-12-05",93.19,48.25,386.2783,63.05,24.54,65.94,51.93,77.92,48.9
"1998","2007-12-12",91.28,48.51,387.6723,63.77,23.43,64.45,50.92,78.55,48.23
"2003","2007-12-19",89.38,48.66,347.9294,62.85,22.83,63.8,49.09,78.21,48.08
"2009","2007-12-28",94.45,48.5,353.1586,62.27,22.66,64.31,51,80.69,48.08
"2014","2008-01-07",88.82,48.81,328.9291,63.31,21.11,62.11,48.18,82.39,46.56
"2019","2008-01-14",82.87,47.13,335.0295,64.3,20.84,60.73,47.3,84.86,47.67
"2024","2008-01-22",78.48,45.05,316.2038,58.79,24.54,57.29,45.07,74.89,49.2042
"2029","2008-01-29",73.95,45.08,342.5255,58.55,25.79,57.35,52.71,79.95,49.01
"2034","2008-02-05",72.09,44.8,321.2587,57.4,24.09,59.8,52.97,80.75,49.56
"2039","2008-02-12",74.45,46.79,317.7731,59.92,24.19,61.37,54,83.23,50.25
"2044","2008-02-20",73.64,45.82,341.6538,58.23,23.31,61.2,53.13,84.9,49.7
"2049","2008-02-27",70.87,46.67,362.5711,60.05,25.49,62.38,55.09,83.12,51.43
"2054","2008-03-05",64.9901,44.43,329.5973,59.68,23.75,60.81,54.42,78.39,49.5519
"2059","2008-03-12",66.51,45.43,339.3558,59.19,21.81,59.76,53.24,77.46,50.29
"2064","2008-03-19",70.17,43.24,311.368,59.96,21.99,61.83,52.41,78.47,50.78
"2070","2008-03-28",69.76,41.29,331.2541,60.94,22.67,65.86,54.25,78.63,52.12
"2075","2008-04-04",76.87,40.68,360.5313,60.25,24.26,68.51,56.8,83.65,54.4
"2080","2008-04-11",71.99,42.67,333.6477,60.29,23.99,66.69,54.99,79.33,54.8
"2085","2008-04-18",80.1,42.37,365.3185,60.11,24.85,67.89,61.64,68.54,56.31
"2090","2008-04-25",80.86,44.37,344.1439,59.33,26.02,68.74,60.13,71.94,57.65
"2095","2008-05-02",77.31,45.31,350.5886,58.77,26.13,67.66,60.19,75.49,57.5
"2101","2008-05-12",74.53,44.27,327.5721,56.4,24.69,65.34,63.38,74.67,58.02
"2106","2008-05-19",82.29,45.23,304.1871,57.52,24.25,67.78,64.75,72.62,56.4
"2111","2008-05-27",80.62,44.01,287.7989,58.59,23.51,66.02,63.91,71.06,56.4
"2116","2008-06-03",80.11,42.23,265.3349,56.4,23.97,66.97,65.5,71.36,57.77
"2121","2008-06-10",79.62,41.36,236.7944,58.01,23.31,68.48,64.59,68.24,59.78
"2126","2008-06-17",82.97,40.61,250.7884,53.96,23.44,68,62.12,67.42,58.69
"2131","2008-06-24",79.64,40.76,228.8769,53.37,21.91,65.97,62.62,67.88,57.32
"2136","2008-07-01",73.62,38.52,207.333,51,20.61,58.99,61.11,63.02,57.03
"2141","2008-07-09",70.61,35.51,215.9873,50.89,20.22,56.95,60.35,59.56,57.67
"2146","2008-07-16",71.84,38.2,196.4694,52.34,19.33,58.16,63.72,66.45,56.96
"2151","2008-07-23",70.54,36.03,259.2584,52.5,21.2,59.2,69.96,71.84,58.09
"2156","2008-07-30",78.21,36.05,246.7379,51.31,20.51,59.68,73.64,72.13,58.56
"2161","2008-08-06",78.09,38.22,271.7797,55.36,21.24,62.19,72.64,72.81,60.76
"2166","2008-08-13",86.69,35.91,258.8901,55.21,23.08,61.97,69.91,66.71,57.88
"2171","2008-08-20",82.13,35.34,241.2706,54.35,24.3,60.66,67.89,66.26,58.36
"2177","2008-08-28",83.42,35.39,267.6954,53.12,24.9,61.22,73.63,68.48,59.88
"2182","2008-09-05",79.19,36.34,242.9937,51.93,25.75,58.82,66.39,67.87,60.74
"2187","2008-09-12",78.3,39.95,268.4615,54.5,25.42,61.92,67.97,71.7,62.41
"2192","2008-09-19",81,35.7,297.9499,52.72,25.53,63.7,70.36,59.69,59.7
"2197","2008-09-26",70.7,36.38,280.7158,52.48,24.46,67.79,69.93,60.5,60.71
"2202","2008-10-03",67,29.78,281.8648,52.57,21.52,63.25,56.17,46.96,59.73
"2207","2008-10-10",56.25,26.5,158.932,41.5,17.9,54.53,52.05,43.2,50.95
"2212","2008-10-17",50.65,29.81,169.2725,44.2,19.31,57.48,52.54,40.76,53.77
"2217","2008-10-24",48.96,27.81,147.06,41.61,17.2,47.79,53.12,37.61,51.4
"2222","2008-10-31",57.24,32.99,137.0263,44.06,21.7,57.63,59.94,43.35,55.81
"2227","2008-11-07",49.21,30.1,144.1496,46.25,19.66,49.41,53.72,42.97,54.39
"2232","2008-11-14",41.75,30.24,121.8609,45.02,18.23,46.53,51.98,38.89,52.71
"2237","2008-11-21",37.87,25.84,102.023,44,17.15,47.88,45.68,31.78,52.92
"2242","2008-12-01",40.47,25.85,121.0184,44.33,19,48.02,45.59,35.43,53.01
"2247","2008-12-08",51.41,30.75,120.9413,45.98,22.86,56.17,48.82,43.87,57.56
"2252","2008-12-15",48.85,26.3,110.2185,44.97,21.94,48.19,44.02,35.24,54.71
"2257","2008-12-22",49.84,25.83,111.1372,44.66,21.35,49.1,44.63,37.83,55.99
"2263","2008-12-31",51.28,28.33,117.4944,45.27,21.52,51,47.05,39.33,56.06
"2268","2009-01-08",57.16,26.38,135.5711,45.24,21.95,51.39,47.64,43.22,51.38
"2273","2009-01-15",51.44,23.27,99.878,43.36,20.54,46.96,38.8,38,51.35
"2278","2009-01-23",50.63,23.88,39.2162,42.2,20.05,45.68,34.15,19.4,48.35
"2283","2009-01-30",58.82,25.74,81.2657,42.72,18.27,45.25,38.36,23.27,47.12
"2288","2009-02-06",66.55,28.41,80.2699,43.55,19.24,48.68,41.27,30.49,49.63
"2293","2009-02-13",63.26,25.26,76.9764,43.85,17.8,43.43,37.73,27,46.53
"2298","2009-02-23",61.71,21.68,75.5984,42.09,15.09,41.61,32.22,22.3,48.88
"2303","2009-03-02",61.99,21.39,67.1724,39.69,14.7,39.76,29.56,21.85,48.04
"2308","2009-03-09",60.49,18.02,47.0286,38.75,13.68,38.57,26.95,17.61,47.51
"2313","2009-03-16",66.98,22.66,69.6234,41.27,15.46,43.91,31.04,23.12,48.8
"2318","2009-03-23",75.58,27.73,93.0614,44.14,18.06,47.62,33.35,29.97,51.48
"2323","2009-03-30",71.44,25.92,114.201,43.92,18.45,46.26,33.13,27.98,51.76
"2328","2009-04-06",77.99,28.16,132.2005,44.99,19.4,51.27,36.39,33.17,53.43
"2334","2009-04-15",74.71,32.56,150.7365,45.03,19.43,52.11,37.01,35.69,51.29
"2339","2009-04-22",79.2,26.25,166.9741,42.93,20.9,55,37.5,33.99,48.96
"2344","2009-04-29",79.79,26.65,196.4633,42.71,21.26,52.96,35.51,34.3,50.45
"2350","2009-05-07",79.28,29.51,211.2076,42.8,20.37,53.08,37.03,37.83,49.89
"2355","2009-05-14",75.11,28.44,193.7818,44.9,18.87,50.95,34.5,39.23,49.1
"2360","2009-05-21",75.96,27.2,217.9089,46.68,19.3,51.35,34.43,43.3,49.11
"2365","2009-05-29",77.99,27.78,227.8663,49.16,19.01,57.05,37.2,46.45,49.74
"2370","2009-06-05",87.56,28.22,218.292,49.44,20.04,58.29,40.7,47.27,51.07
"2375","2009-06-12",84.08,29.02,223.6533,48.89,19.85,56.61,41.23,47.56,49.84
"2380","2009-06-19",82.96,29.6,209.8668,48.81,18.78,56.7,38.46,47.96,48.17
"2385","2009-06-26",83.88,29.36,205.3479,48.13,19.22,50.84,39.19,48.33,48.63
"2390","2009-07-06",78.1,28.36,224.2279,49,18.87,51.91,37.14,46.59,47.73
"2395","2009-07-13",81.47,28.53,227.024,49.05,19.26,51.54,37.39,46.53,47.83
"2400","2009-07-20",88.23,29.52,239.7383,51.03,20.75,52.83,42.85,48.81,48.82
"2405","2009-07-27",84.24,27,232.8446,49.52,21.28,52.37,45.12,48.35,48.97
"2410","2009-08-03",87.44,28.23,247.0532,49.6,22.74,56.62,44.36,52.36,49.84
"2415","2009-08-10",84.44,29.39,274.6271,49.44,23.33,57.14,45.17,52.57,49.72
"2420","2009-08-17",81.06,27.7,265.8189,48.7,20.47,55.44,45.33,49.24,51.57
"2425","2009-08-24",84.5,29.19,277.4613,49.06,20.72,56,47.01,53.3,51.55
"2431","2009-09-01",79.16,28.1,283.3973,48.53,20.86,54.36,45.35,50.14,50.97
"2436","2009-09-09",82.24,29.12,280.8691,50.63,21.72,55.35,48.39,53.19,51.11
"2441","2009-09-16",90.7,30.72,291.0563,52.67,21.6,57.18,47.49,54.7,50.04
"2446","2009-09-23",92.38,29.55,284.3541,52.58,21.53,58.3,45.76,50.65,50.4
"2451","2009-09-30",93.36,28.99,283.3973,53.7,20.94,64.7,43.11,52.6,49.09
"2456","2009-10-07",93.97,28.5,283.5888,54.81,20.2,63.42,44.41,53.23,49.49
"2461","2009-10-14",97.46,28.18,293.814,54.84,21.73,64.9,48.28,53.69,50.19
"2466","2009-10-21",93.42,28.06,279.5292,54.07,20.76,64.75,48.62,45.88,50.63
"2471","2009-10-28",121.64,27.27,244.3344,53.51,19.5,62.57,46.25,42.58,49.9
"2476","2009-11-04",117.1,25.84,258.1209,53.49,19.51,62.73,49.86,40.64,50.38
"2481","2009-11-11",129.91,27.52,247.3981,56.13,21.3,64.93,51.96,42.23,52.97
"2486","2009-11-18",131.29,26.76,243.9472,56.58,21.59,64.42,51.62,42.73,54.15
"2491","2009-11-25",134.03,26.62,243.1011,58.11,22.15,65.7,51.84,41.3,54.96
"2496","2009-12-03",141.17,26.75,234.032,57.27,22.48,64.67,51.48,41.15,54.44
"2501","2009-12-10",135.38,27.12,223.4645,58.58,23.09,62.7,52.24,40.56,54.69
"2506","2009-12-17",126.91,26.59,210.4758,56.98,23.69,63.25,52.06,39.73,52.76
"2511","2009-12-24",138.47,27.76,212.1281,57.44,23.65,65.25,54.24,44.99,53.6
"2517","2010-01-05",134.69,28.59,229.1131,56.35,22.92,65.61,53.4,44.55,53.69
"2522","2010-01-12",127.35,29.07,243.3324,56.88,23.33,64.82,54.02,44.2,54.73
"2527","2010-01-20",125.78,30.96,231.2273,55.5,22.8,64.18,51.75,46.28,53.86
"2532","2010-01-27",122.75,29.27,205.095,54.51,22.12,64,50.43,44.51,53.4
"2537","2010-02-03",119.1,28.57,226.9998,54.87,22.11,64,48.45,44.4,54.27
"2542","2010-02-10",117.36,27.39,213.5501,53.79,21.8,62.64,46.99,44.64,53.24
"2547","2010-02-18",118.08,27.69,236.9532,55.91,23.15,64.44,50.25,45.23,53.47
"2552","2010-02-25",118.2,28.39,237.0732,53.12,23.82,66.16,51.65,44.99,54.15
"2557","2010-03-04",128.53,28.89,257.3538,54.47,23.79,67.63,52.47,45.1,53.96
"2562","2010-03-11",133.58,29.67,265.5821,53.6,24.59,69.75,54.36,45.03,53.97
"2567","2010-03-18",132.76,30.82,272.652,53.95,24.9,74.66,55.68,46.24,55.94
"2572","2010-03-25",134.73,30.84,282.0772,54.8,24.34,73.57,54.7,46.06,55.61
"2577","2010-04-01",131.81,31.26,280.0297,55.3,24.54,74.01,56.99,45.97,55.49
"2583","2010-04-12",141.2,32.54,281.7301,54.76,25.6,75.53,58.39,48.07,55.02
"2588","2010-04-19",142.43,32.14,286.2106,55.32,26.45,75.58,59.39,47.25,54.39
"2593","2010-04-26",147.11,31.65,286.5585,53.73,28.16,78.02,61.09,43.75,54.04
"2599","2010-05-04",129.83,30.61,249.5512,53.18,26.97,77.35,61.15,42.61,54.02
"2604","2010-05-11",130.46,30.98,251.4055,53.61,27.1,76.43,59.15,42.81,52.46
"2609","2010-05-18",126.28,29.16,237.0891,53.1,24.7,72.93,57.11,40.58,53.705
"2614","2010-05-25",124.86,27.19,219.9968,50.62,24.42,72.91,54.31,38.88,50.28
"2619","2010-06-02",126.31,27.29,229.8412,52.41,24.43,73,56.69,38.38,51.72
"2624","2010-06-09",117.91,25.33,219.1442,51.35,23.28,70.01,53.6,36.5,50.99
"2629","2010-06-16",126.9,26.37,236.3146,52.4,23.2,73.83,58.29,38.15,50.98
"2634","2010-06-23",121.45,26.12,233.1744,52.24,21.85,72.52,57.47,35.81,50.81
"2639","2010-06-30",109.26,24.69,209.7254,50.12,20.42,67.55,53.05,33.82,48.07
"2644","2010-07-08",116.22,25.96,234.105,52.42,20.23,70.28,51.96,36.38,49.18
"2649","2010-07-15",122.06,26.79,232.8261,52.85,20.88,70.65,55.03,37.84,50.41
"2654","2010-07-22",120.07,25.7,235.3839,54.26,20.83,71.56,54.72,39.06,50.86
"2659","2010-07-29",116.86,25.26,258.9882,54.99,20.48,73.53,55.93,39.02,51.06
"2664","2010-08-05",127.83,25.9,251.1587,56.37,20.74,74.06,57.92,39.95,51.62
"2669","2010-08-12",126.56,24.79,240.7385,55.69,19.74,71.52,54.91,37.3,50.43
"2674","2010-08-19",127.57,24.59,248.3991,55.28,20.4,71.34,54.56,37.01,50.06
"2679","2010-08-26",124.86,24.18,234.8672,55.16,20.65,70.39,53.05,34.87,50.97
"2685","2010-09-03",138.79,26.07,252.7541,57.56,21.96,74.25,57.91,37.92,52.04
"2690","2010-09-13",145.07,26.07,251.743,58.03,21.71,74.68,59.19,38.82,52.21
"2695","2010-09-20",151.3048,25.94,243.6936,57.97,21.46,78.37,58.93,39.52,53.54
"2700","2010-09-27",159.37,25.66,241.6722,58.6,22.27,79.11,59.57,38.18,53.48
"2705","2010-10-04",155.39,26.21,233.1563,58.88,22.24,79.88,58.37,37.54,53.57
"2710","2010-10-11",153.03,26.56,231.9895,59.56,22.59,81.98,60.66,39.5,54.61
"2715","2010-10-18",163.56,26.62,224.9511,60,21.05,81.66,61.49,41.21,53.76
"2720","2010-10-25",169,24.93,218.8078,61.01,21.86,82.05,61.97,40.26,53.95
"2725","2010-11-01",162.58,25.05,212.741,61.71,21.19,81.1,61.77,41.77,54.31
"2730","2010-11-08",171.99,28.07,222.1518,62.46,22.09,83.61,62.36,44.75,54.91
"2735","2010-11-15",158.9,27.7325,219.6631,62.96,21.46,81.8,61.33,43.87,53.95
"2740","2010-11-22",170.39,27.31,210.8139,64.27,22.33,85.92,61.06,42.8,54.38
"2745","2010-11-30",175.4,26.99,199.9998,63.17,22.7,86.13,60.17,43.2,54.09
"2750","2010-12-07",176.77,28.14,205.0358,64.14,25.15,87.19,62.83,45.51,54.49
"2755","2010-12-14",173.94,29.2,212.3759,63.9,25.11,89.28,62.36,45.2,54.45
"2760","2010-12-21",184.75,29.79,209.5258,65.49,25.68,92.3,62.65,46.68,53.65
"2767","2010-12-31",180,30.2,204.2945,65.77,25.08,85.42,62.82,46.34,53.93
"2773","2011-01-10",184.68,30.7,216.0451,63.06,24.31,84.17,65.61,46.4,53.73
"2778","2011-01-18",191.25,32.02,240.2885,63.48,25.01,84.06,65.28,50.06,55.14
"2783","2011-01-25",176.7,31.67,233.0279,62.96,25.56,82.88,62.92,47.69,57.26
"2788","2011-02-01",172.11,32.09,233.0668,63.05,25,83.55,62.12,47.65,56.33
"2793","2011-02-08",183.06,32.2,245.4419,62.87,24.75,86.71,61.6,47.31,56.38
"2798","2011-02-15",189.03,31.05,256.6855,63.19,25.58,85.55,64.46,45.7,54.95
"2803","2011-02-23",176.68,30.39,251.1853,63.91,25.73,86.19,63.7,44.23,53.03
"2808","2011-03-02",172.02,30.03,247.5625,64.43,25.78,88.33,65.16,44.03,51.97
"2813","2011-03-09",169.05,30.13,240.5549,65.62,26.82,88.95,65.4,44.52,52.67
"2818","2011-03-16",164.7,28.2,222.0507,61.6,26,84.82,64.33,42.97,51.38
"2823","2011-03-23",165.32,29.03,226.1849,64.27,26.97,77.22,66.68,43.77,51.64
"2828","2011-03-30",179.42,29.67,223.429,66.04,26.97,76.75,68.99,45.07,52.36
"2833","2011-04-06",182.76,30.29,232.1296,67.63,26.67,78.67,68.64,46.37,52.98
"2838","2011-04-13",182.29,29.63,243.1931,67.28,26.91,79.41,67.83,45.58,53.63
"2843","2011-04-20",183.87,28.54,231.8142,67.85,26.66,80.07,66.68,46.02,53.69
"2849","2011-04-29",195.81,28.96,0,67.46,26.25,82.32,74.68,46.55,54.98
"2855","2011-05-09",200.8,28.57,216.5311,66.95,25.76,82.91,73.14,46.49,55.1
"2860","2011-05-16",192.51,28.12,216.3334,67.83,24.84,85.27,71.37,45.79,56.06
"2865","2011-05-23",196.22,27.81,212.0261,67.49,24.38,83.62,71.78,45.65,55.22
"2870","2011-05-31",196.69,28.11,218.6651,66.81,24.14,84.45,73.31,45.77,55.22
"2875","2011-06-07",187.55,26.55,207.5202,65.2,22.99,81.9,71.28,42.66,53.83
"2880","2011-06-14",189.96,26.92,209.1015,65.61,22.72,82.24,72.11,44.12,52.91
"2885","2011-06-21",194.23,26.32,204.6358,66.26,23.68,84.51,73.18,44.23,53.29
"2890","2011-06-28",202.35,24.48,191.2381,66.03,23.47,89.9,73.03,44.01,52.53
"2895","2011-07-06",214.19,25.95,197.403,68.53,23.26,92.35,76.43,46.05,53.72
"2900","2011-07-13",213.5,25.16,180.2121,68.06,23.28,92.05,74.61,44.64,54.02
"2905","2011-07-20",215.55,24.94,175.9442,68.87,22.77,90.6,75.09,42.6,53.89
"2910","2011-07-27",222.518,25.1,174.6795,68.69,22.46,88.72,76.12,41.61,53.25
"2915","2011-08-03",209.96,24.65,167.9609,68.4,20.42,87.08,71.86,40.86,51.28
"2920","2011-08-10",194.13,19.46,130.1749,63.96,18.11,79.33,66.71,33.24,48.41
"2925","2011-08-17",195.93,20.79,138.3255,69.28,20.1,82.55,68.3,34.81,51.55
"2930","2011-08-24",193.73,20.35,118.9624,69.68,20.34,85.8,65.43,34.08,53.37
"2936","2011-09-01",212.54,20.63,143.4148,70.45,19.81,86.55,66.85,34.8,52.65
"2941","2011-09-09",211.39,19.92,114.5093,69.37,18.96,82.5,64.83,32.05,51.36
"2946","2011-09-16",239.3,21.14,129.9365,71.23,20.38,89.77,70.42,34.43,52.65
"2951","2011-09-23",223.61,18.52,116.1001,67.42,19.74,88.64,61.53,30.94,50.8
"2956","2011-09-30",216.23,18.59,128.3061,67.56,19.34,85.51,61.02,32.16,51.9
"2961","2011-10-07",224.74,17.83,130.9704,65.9,20.34,88.15,64.87,31.59,53.7
"2966","2011-10-14",246.71,18.97,139.9956,67.85,20.93,92.97,68.17,33.9,55.46
"2971","2011-10-21",234.78,20.7,144.6872,68.19,22.13,94.35,70.9,38.78,56.92
"2976","2011-10-28",217.32,22.41,159.9948,68.93,21.37,96.75,74.98,42.01,57.15
"2981","2011-11-04",216.48,20.99,145.9595,67.78,21.54,94.38,73.54,39.99,57.5
"2986","2011-11-11",217.39,21.51,143.1134,68.12,23.11,96.15,75.69,41.24,59.2
"2991","2011-11-18",197.14,18.92,133.1137,67.39,23.31,92.75,73.29,38.5,57.23
"2996","2011-11-28",194.15,18.09,134.2741,65.17,23.36,94.91,73.04,36.91,57.25
"3001","2011-12-05",196.24,19.82,153.3131,66.31,24.35,96.6,75.75,40.17,58.34
"3006","2011-12-12",189.52,19.01,145.1537,66.89,24.69,96.95,73.08,40.07,58.09
"3011","2011-12-19",179.33,18.59,132.7534,67.37,24.72,93.38,69.19,39.03,57.78
"3017","2011-12-28",173.89,19.58,137.7537,69.51,25.06,96.43,71.78,40.3,59.73
"3022","2012-01-05",177.61,20.75,146.9134,69.37,26.37,98.16,75.76,41.76,59.42
"3027","2012-01-12",175.93,21.76,154.7524,67.57,26.39,99.1,78.24,43.61,59.5
"3032","2012-01-20",190.93,21.28,178.1119,68.09,26.53,101.76,77.26,41.5,61.01
"3037","2012-01-27",195.37,20.23,178.2721,67.44,26.91,102.11,73.94,39.06,60.71
"3042","2012-02-03",187.68,21.94,189.951,68.08,27.2,103.5,73.61,42.57,62.03
"3047","2012-02-10",185.54,21.42,187.2309,67.94,27.09,105.41,71.53,40.66,61.9
"3052","2012-02-17",182.5,22.01,198.6707,69.05,27.68,106.68,68.81,40.25,62.48
"3057","2012-02-27",178.53,22.02,197.6215,68.83,27.34,107.17,70.59,41.46,58.46
"3062","2012-03-05",180.26,22.16,204.9978,69.23,28.24,109.24,67.68,41.76,59.4
"3067","2012-03-12",183.39,22.62,191.1771,70.15,29.84,109.45,66.09,41.68,60.68
"3072","2012-03-19",185.52,24.51,203.7008,70.4,30.53,112.13,68.3,45.96,60.74
"3077","2012-03-26",202.87,24.59,200.7419,71.9,31.18,108.55,66.13,46.29,61.2
"3082","2012-04-02",198.05,24.49,191.6633,74.14,31.38,109.02,67.02,45.88,61.36
"3088","2012-04-11",187.97,23.47,171.9256,72.12,31.02,108.25,66.17,43.32,59.8
"3093","2012-04-18",191.07,23.08,173.6683,74.17,31.96,110.56,69.67,44.94,62.06
"3098","2012-04-25",194.42,23.65,171.034,74.93,31.73,109.03,72.91,45.95,57.36
"3103","2012-05-02",230.25,23.91,174.015,77.16,32.1,114.28,73.72,46.16,59.01
"3109","2012-05-10",226.69,22.23,170.0649,77.41,30.18,107.56,68.17,43.9,59.19
"3114","2012-05-17",218.36,20.4,148.155,75.12,28.37,104.34,66.21,41.5,61.68
"3119","2012-05-24",215.24,20.73,150.9244,75.56,27.1,107.48,67.44,41.73,65.07
"3124","2012-06-01",208.22,19.65,141.3137,73.09,26.36,104.6,64.29,39.88,65.55
"3131","2012-06-12",216.42,20.68,154.5492,75.2,27.44,107.6,67.19,43.42,67.72
"3136","2012-06-19",224.03,21.44,163.3858,75.74,28.54,101.54,71.31,44.42,67.81
"3141","2012-06-26",225.61,20.85,156.7077,75.08,27.26,98.45,69.31,42.5,68.58
"3146","2012-07-03",229.53,22.35,136.0603,79.16,27.62,90.48,71.91,44.91,70.75
"3151","2012-07-11",218.37,21.31,134.1056,77.46,26.67,92.26,71.27,43.2,72.26
"3156","2012-07-18",217.47,21.69,130.4402,77.44,25.66,94.63,73.8,41.61,72.85
"3161","2012-07-25",217.05,20.6,122.6211,77.02,25.6,93.51,71.7,39.17,72.08
"3166","2012-08-01",232.09,21.15,137.0779,81.01,25.14,93,73.31,40.24,73.62
"3171","2012-08-08",234.38,22.57,146.6348,79.56,26.42,95.9,74.81,41.38,74.31
"3176","2012-08-15",237.42,22.11,150.0359,39.35,26.83,94.22,74.72,41.35,74.45
"3181","2012-08-22",243.1,22.73,159.0901,38.77,27.24,95.77,74.67,41.68,71.77
"3187","2012-08-30",246.22,22.3,150.3632,37.14,28.18,97.75,72.64,41.18,72.25
"3192","2012-09-07",259.14,22.92,169.1281,37.9,28.32,99.29,71.92,43,73.82
"3197","2012-09-14",261.27,23.62,187.6881,38.12,29.4,96.64,74.69,43.92,74.5
"3202","2012-09-21",257.47,23.3,183.345,38.03,30.19,96.52,65,43.71,74.45
"3207","2012-09-28",254.32,22.62,176.0525,37.93,30.24,94.91,63.63,41.96,73.8
"3212","2012-10-05",258.51,23.42,186.7043,38.58,31.77,95.22,66.9,41.99,75.13
"3217","2012-10-12",242.36,22.84,190.2695,38.23,31.18,94.42,67.28,41.38,75.81
"3222","2012-10-19",240,24.68,191.6213,37.4,32.64,96.45,65.64,44.66,75.62
"3227","2012-10-26",238.24,24.37,190.5151,37.04,31.36,91.15,62.77,44.38,75.11
"3232","2012-11-06",237.56,25.28,198.7497,37.42,33.29,96.13,61.5,46.33,73.76
"3237","2012-11-13",226.6,24.01,195.3201,36.16,31.97,91.47,58.51,44.28,71.81
"3242","2012-11-20",233.78,24.06,202.8922,37.25,34.45,95.61,56.91,45.29,69
"3247","2012-11-28",247.11,24.19,199.312,37.56,35.77,99.13,59.71,44.66,70.56
"3252","2012-12-05",253.96,23.74,202.8102,37.31,35.2,97.68,61.59,44.63,71.65
"3257","2012-12-12",251.76,24.53,207.9132,37.64,34.73,99.2,61.53,45.41,68.94
"3262","2012-12-19",257.99,25.87,219.3951,36.78,35.11,97.78,62.15,46.5,68.52
"3268","2012-12-28",245.18,25.42,215.4442,35.97,34.98,50.99,61.07,46.05,67.61
"3273","2013-01-07",268.4592,26.89,236.3925,37.3,34.76,52.96,64.83,49.44,68.4
"3278","2013-01-14",272.73,26.72,246.022,36.99,35.38,53.19,64.87,51.01,68.3
"3283","2013-01-22",270.19,26.98,243.6768,37.13,37.44,53.48,66.94,55.25,69.58
"3288","2013-01-29",260.35,27.28,247.6687,37.42,38.23,53.92,70.73,56.04,69.89
"3293","2013-02-05",266.89,27.39,243.0183,38.14,38.33,53.89,68.86,56.17,70.77
"3298","2013-02-12",258.7,27.9,269.4393,37.56,39.79,55.09,71.64,56.93,71.4
"3303","2013-02-20",266.41,27.86,266.4547,37.73,38.64,54.02,72.25,56.73,69.21
"3308","2013-02-27",263.25,27.4,251.3393,38.45,37.71,54.34,72.7,56.97,71.66
"3313","2013-03-06",273.79,27.75,251.6314,39.02,38.83,55.3,74.4,58.66,73.38
"3318","2013-03-13",275.1,28.87,262.0829,38.59,39.4,54.85,74.3,59.81,73.65
"3323","2013-03-20",257.278,28.26,245.8425,39.87,38.41,54.83,76.02,60.53,72.99
"3328","2013-03-27",265.3,27.9,239.7634,40.22,38.18,58.45,76.28,59.41,74.78
"3334","2013-04-05",255.48,27.36,233.1848,40.08,38.39,58.97,74.52,57.57,76.39
"3339","2013-04-12",272.87,28.45,249.2576,41.08,38.92,60.58,76.81,59.75,78.56
"3344","2013-04-19",260.32,26.99,238.4724,42.66,38.12,60.92,74.75,56.93,78.29
"3349","2013-04-26",254.81,27.89,242.0957,42.1,37.7,61.89,75.56,57.86,79.04
"3354","2013-05-03",258.05,28.38,247.5294,42.24,39.59,64.55,77.81,59.45,79.25
"3360","2013-05-13",264.51,28.82,261.2805,42.19,42.09,64.65,78.4,61.67,78.5
"3365","2013-05-20",267.63,30.41,272.6922,42.38,42.38,65.33,80.25,65.19,77.4
"3370","2013-05-28",267.29,30.09,271.7718,42.55,42.86,63.28,77.61,67.15,77.32
"3375","2013-06-04",265.7,29.9,267.8018,41.42,40.99,62.78,77,66.15,75.94
"3380","2013-06-11",274.78,29.49,254.5927,40.79,40.89,62.15,76.51,66.12,75.25
"3385","2013-06-18",281.76,29.77,251.0407,40.93,41.46,62.15,77.03,67.32,75.73
"3390","2013-06-25",272.088,28.27,236.6616,39.72,39.51,60.39,72.5,64.84,74.37
"3395","2013-07-02",283.73,28.42,236.5783,40.37,42.37,62.62,72.24,65.87,74.71
"3400","2013-07-10",292.33,29.33,252.5031,40.68,43.39,63.6,73.42,68.58,76.77
"3405","2013-07-17",308.69,30.92,258.857,40.84,44.26,63.33,76.47,69.4,77.2
"3410","2013-07-24",298.94,31.92,267.9682,40.86,44.75,62.63,74.66,69.67,78.23
"3415","2013-07-31",301.22,31.45,240.6742,40.08,44.58,62.92,73.16,69.67,77.94
"3420","2013-08-07",296.91,31.17,236.7688,40.15,44.3,65.63,74.09,69.34,77.37
"3425","2013-08-14",291.34,30.69,239.5377,39.53,45,64.35,73.77,69.26,76.4
"3430","2013-08-21",284.57,30.28,237.4819,38.28,45.81,64.13,72.52,68.21,73.55
"3436","2013-08-29",283.98,29.83,238.8664,38.1,46.42,63.48,72.7,67.2,72.43
"3441","2013-09-06",295.86,30.46,249.2298,38.35,45.6,64.98,74.39,67.63,72.59
"3446","2013-09-13",297.92,31.11,253.0897,38.69,46.86,67.91,75.64,68.05,74.36
"3451","2013-09-20",316.34,30.85,248.4104,39.4,47.84,69.37,77.72,67.64,75.83
"3456","2013-09-27",316.01,30.24,241.4609,38.4,47.77,73.64,77.79,66.21,74.36
"3461","2013-10-04",319.04,30.5,246.5027,37.2,48.14,72.14,77.51,66.42,72.8
"3466","2013-10-11",310.889,30.77,252.5438,37.77,48.8,73.46,78.75,67.22,74.82
"3471","2013-10-18",328.931,31.48,252.4075,38.78,47.66,75.93,79.89,69.77,75.71
"3476","2013-10-25",363.39,31.83,243.3686,39.03,50.59,75.7,87.65,68.74,76.08
"3481","2013-11-01",359.002,32.36,232.8308,39.61,49.18,76.06,87,70.35,77.07
"3486","2013-11-08",350.31,33.15,232.8575,40.05,48.72,77.12,85.62,71.86,77.96
"3491","2013-11-15",369.17,33.42,227.5218,40.22,51.77,79.22,87.15,70.64,79.22
"3496","2013-11-22",372.31,33.63,234.3625,40.43,47.9,78.87,87.12,72.7,79.81
"3501","2013-12-02",392.3,33.64,246.4933,40.08,46.83,79.09,88.25,72.89,81.11
"3506","2013-12-09",384.89,33.65,242.4801,40.4,47.76,79.78,90.49,71.82,79.95
"3511","2013-12-16",388.97,33.14,232.6295,39.27,47.13,76.44,89.41,70.02,77.74
"3516","2013-12-23",402.92,34.37,241.112,40.16,48.4,77.11,91.83,72.21,77.87
"3522","2014-01-02",397.97,34.56,247.2229,40.66,49.44,78.24,91.31,73.16,78.91
"3527","2014-01-09",401.01,34.7,259.3994,39.73,48.75,77.09,91.31,75.35,78.09
"3532","2014-01-16",395.8,33.92,264.9176,39.71,48.18,74.79,87.76,73.72,76.76
"3537","2014-01-24",387.6,32.34,248.3176,38.84,47.83,71.65,89.61,69.52,74.42
"3542","2014-01-31",358.69,31.96,248.5455,37.82,46.29,72.85,92.59,66.95,74.68
"3547","2014-02-07",361.08,31.79,247.8159,37.95,46.07,72.69,94.74,68.23,73.75
"3552","2014-02-14",357.35,31.79,230.7597,38.93,47.28,75.07,92.84,68.81,75.79
"3557","2014-02-24",351.78,31.8,239.4394,37.5,47.22,77.84,91.27,69.07,73.35
"3562","2014-03-03",359.78,31.87,229.1315,38.12,50.19,77.39,91.76,65.2,74.12
"3567","2014-03-10",370.53,33.34,223.7233,38.65,49.99,78.98,94.43,68.2,74.43
"3572","2014-03-17",375.04,33.37,213.6003,38.27,49.48,78.98,95.83,65.44,74.68
"3577","2014-03-24",351.85,35.58,216.3738,38.4,49.18,74.86,96.55,70.21,76.76
"3582","2014-03-31",336.365,35.29,215.7728,38.66,48.9,73.86,97.17,69.55,76.43
"3587","2014-04-07",317.76,33.82,223.5847,38.62,46.77,70.83,95.88,66.52,77.31
"3592","2014-04-14",315.91,33.23,219.3783,38.73,46.64,72.38,93.8,64.44,77.38
"3598","2014-04-23",324.58,34.21,230.1022,40.73,46.22,74.1,95.01,65.91,78.04
"3603","2014-04-30",304.13,33.87,233.153,40.79,45.91,72.95,94.53,64.56,79.71
"3609","2014-05-08",288.32,34.47,242.6289,40.73,45.02,73.05,95.5,64.96,78.69
"3614","2014-05-15",295.19,33.65,227.2017,40.52,44.63,72.94,96.43,63.21,76.83
"3619","2014-05-22",304.91,34.57,225.9951,40.58,46.89,74.88,99.04,64.69,75.39
"3624","2014-05-30",312.55,34.56,229.2435,40.91,47.08,76.91,100.75,65.27,76.77
"3629","2014-06-06",329.67,35.19,225.2526,40.99,47.77,76.23,101.76,67,77.21
"3634","2014-06-13",326.27,35.36,221.5402,40.37,45.45,74.62,101.16,66.26,75.28
"3639","2014-06-20",324.2,36.01,217.7349,41.69,46.02,75.1,104.41,67.8,75.68
"3644","2014-06-27",324.57,36.23,200.5185,42.19,47.42,77.68,101.65,66.82,75.34
"3649","2014-07-07",333.55,37.72,200.5185,42.14,48.21,78.65,103.23,68.54,76.07
"3654","2014-07-14",355.32,37.64,194.5321,42.38,47.22,77.95,104.43,68.58,76.55
"3659","2014-07-21",359.76,38.44,195.089,42.4,47.58,76.82,106.22,69.75,76.77
"3664","2014-07-28",320.41,39.48,202.4675,40.68,47.69,78.4,105.33,71.25,75.71
"3669","2014-08-04",313.65,39.2,207.8505,39.4,47.91,77.16,101.37,70.47,73.54
"3674","2014-08-11",318.33,38.44,201.6127,39.57,49.86,77.06,102.84,70.3,74.36
"3679","2014-08-18",334.53,38.57,204.7359,41.35,50.45,78.55,106.03,70.19,74.49
"3685","2014-08-26",341.83,39.33,210.0035,41.6,52.91,79.48,105.53,72.2,75.52
"3690","2014-09-03",339,39.52,212.6606,41.78,52.91,78.82,107.96,72.31,76.01
"3695","2014-09-10",331.33,39.13,212.8004,42.17,53.39,82.47,107.99,72.19,76.51
"3700","2014-09-17",324,40.26,216.0635,41.61,53.86,81.51,111.77,74.81,76.24
"3705","2014-09-24",328.21,39.22,213.3132,42.27,53.63,80.84,111.45,74.94,77.08
"3710","2014-10-01",317.46,38.22,211.9147,42.74,52.6,87.7,108.65,72.5,76.12
"3715","2014-10-08",322.7,38.56,213.8726,44.55,54.34,88.83,109.15,71.93,78.24
"3720","2014-10-15",305.97,35.95,197.8368,43.23,51.21,85.18,105.2,65.81,75.2
"3725","2014-10-22",312.97,36.38,208.2787,40.62,53.94,89.86,106.5,67.9,76.03
"3730","2014-10-29",294.12,38.67,205.575,42.31,55.81,91.95,110.68,77.22,76.39
"3735","2014-11-05",296.52,38.67,221.9371,42.31,56.94,94.68,109.79,77.22,77.7
"3740","2014-11-12",311.51,39.74,214.8684,42.71,58.22,95.81,116.66,77.45,79.2
"3745","2014-11-19",326.54,39.79,220.8604,44.22,62.26,96.95,115.17,75.88,84.99
"3750","2014-11-26",333.57,40.21,222.8265,44.29,62.86,97.8,117.2,76.87,84.98
"3755","2014-12-04",316.93,40.38,227.1801,43.5,64.55,99.05,107.3,78.28,84.76
"3760","2014-12-11",307.36,40.54,222.1243,41.53,65.76,96.93,102.63,78.2,83.83
"3765","2014-12-18",297.73,41.11,219.7369,42.39,66.62,97.08,108.98,79.47,85.94
"3771","2014-12-29",312.04,41.28,226.9928,42.86,68.57,97.3,111.79,79.91,86.64
"3776","2015-01-06",295.29,38.28,215.6642,42.46,66.23,92.95,103,74.85,86.31
"3781","2015-01-13",294.74,38.4,218.1453,42.63,67.86,95.01,101.49,75.19,89.31
"3786","2015-01-21",297.25,37.55,222.7329,43.36,67.32,93.51,104.35,74.74,86.64
"3791","2015-01-28",303.91,35.66,221.7498,41.92,69.22,93.31,103,71.28,86.82
"3796","2015-02-04",364.75,37.17,232.8911,41.68,70.67,92.54,106.35,73.77,86.65
"3801","2015-02-11",375.14,39.13,234.9977,42.37,71.43,91.31,109.11,76.99,86.34
"3806","2015-02-19",378.995,39.12,243.7984,42.11,72.29,93.7,111.59,76.54,83.52
"3811","2015-02-26",384.8,39.44,245.39,42.46,74.1,96.99,109.95,74.81,83.8
"3816","2015-03-05",387.83,39.19,249.0414,42.4,74.56,98.46,109.16,74.67,83.57
"3821","2015-03-12",374.24,40.44,241.492,40.57,74.94,97.04,109.23,73.67,81.9
"3826","2015-03-19",373.24,40.3,239.8789,40.02,74.56,98.32,110.31,74.83,81.52
"3831","2015-03-26",367.35,39.81,237.222,40.35,72.86,99.33,103.91,73.65,81.89
"3836","2015-04-02",372.25,40.55,241.7292,40.68,74.84,99.66,104.15,73.97,80.73
"3842","2015-04-13",382.36,40.95,246.189,40.7,73.81,99.27,104.87,76.65,80.29
"3847","2015-04-20",389.51,40.78,244.1014,40.66,72.63,99.99,103.04,76.28,78.14
"3852","2015-04-27",438.56,41.97,250.2692,40.83,71.84,100.94,104.5,76.93,79.37
"3858","2015-05-05",421.19,42.9,237.4118,40.75,70.43,100.42,100.59,78.75,78.13
"3863","2015-05-12",431.02,43.18,245.2745,40.69,73.67,102.37,99.04,77.76,78.96
"3868","2015-05-19",421.71,43.54,250.2762,41.31,71.83,104.64,97.28,79.11,76.43
"3873","2015-05-27",431.42,43.88,256.5164,41.12,70.72,102.84,94.83,78.47,75.19
"3878","2015-06-03",436.59,43.41,258.3742,40.87,70.65,102.51,92.5,78.35,74.89
"3883","2015-06-10",430.77,43.74,254.5157,40.33,69.17,103.34,90.54,80.68,72.93
"3888","2015-06-17",427.81,43.15,249.514,40.27,69.67,104.75,91.7,79.49,72.73
"3893","2015-06-24",440.84,43.29,261.4705,40.19,70.08,106.22,90.03,79.76,72.38
"3898","2015-07-01",437.39,42.18,253.9441,39.5,67.24,109.43,88.1,77.43,71.88
"3903","2015-07-09",434.39,40.99,248.7995,39.92,67.02,109.44,85.62,74.95,72.78
"3908","2015-07-16",475.48,43.07,266.758,41.48,68.23,112.34,85.6,79.3,73.83
"3913","2015-07-23",482.18,44.47,268.4253,40.84,67.7,114,83.48,79.71,72.51
"3918","2015-07-30",536.76,43.93,273.4746,40.56,68.86,115.01,85.8,77.15,72.16
"3923","2015-08-06",529.46,44.28,269.6195,41.92,69.31,115.12,81.6,78.35,72.79
"3928","2015-08-13",529.66,43.87,263.4527,41.1,71.21,113.6,81.02,77.55,72.11
"3933","2015-08-20",515.78,42.8,253.5093,40.55,73.18,112.3,79.95,75.92,68.43
"3938","2015-08-27",518.37,40.8,251.0713,39.27,69.06,112.62,77.92,72.94,66.08
"3944","2015-09-04",499,38.49,239.8849,38.52,67.8,109.69,76.53,70.03,63.89
"3949","2015-09-14",521.38,39.56,243.3269,38.1,68.15,111.89,78.69,71.3,64.28
"3954","2015-09-21",548.39,39.43,243.7093,39.19,69.6,116.56,79.57,69.84,63.72
"3959","2015-09-28",504.06,38.2,234.4351,39.53,67.15,122.14,74.66,66.39,63.66
"3964","2015-10-05",543.68,40.15,244.9522,41.01,71.77,124.27,79.98,68.67,65.87
"3969","2015-10-12",550.19,40.46,245.2869,42,73.81,126.43,80.98,69.11,66.93
"3974","2015-10-19",573.15,40.17,243.4703,41.99,73.43,133.21,77.77,67.82,58.85
"3979","2015-10-26",608.61,41.89,239.9327,42.59,74.16,131.38,80.28,66.92,58.02
"3984","2015-11-02",628.35,42.25,225.6869,42.24,73.77,131.19,80.38,70.32,57.61
"3989","2015-11-09",655.49,43.67,224.7419,41.54,72.02,130.48,88.62,72.42,58.49
"3994","2015-11-16",647.81,42.93,215.4757,41.96,71.64,123.46,88.3,70.59,57.87
"3999","2015-11-23",678.99,43.67,211.7788,42.96,76.67,132.46,95.56,72.62,60.26
"4004","2015-12-01",679.06,43.91,224.2138,42.89,77.13,133.31,94.81,72.43,58.99
"4009","2015-12-08",677.33,43.15,213.2672,43.01,77.17,131.7,86.32,70.96,59.61
"4014","2015-12-15",658.64,42.04,206.2575,43.07,74.9,128.61,91.02,67.41,59.64
"4019","2015-12-22",663.15,40.99,210.2905,43.29,75.16,131.85,86.07,66.4,60.54
"4025","2015-12-31",675.89,41.22,210.1944,42.96,76.04,62.5,84.59,66.36,61.3
"4030","2016-01-08",607.05,37.15,192.1901,41.51,70.88,58.87,77.79,58.65,63.54
"4035","2016-01-15",570.18,35.78,184.1722,41.5,68.99,57.56,71.77,54.97,61.93
"4040","2016-01-25",596.53,34.67,174.6179,42.16,69.9,60.7,67.73,54.22,63.45
"4045","2016-02-01",574.81,35.5,175.5301,43,72.66,63.16,70.19,54.79,67.5
"4050","2016-02-08",488.1,33.3,157.3818,42.65,63.55,55.04,70.49,53.57,66.9
"4055","2016-02-16",521.1,34.55,155.0292,43.36,67.43,57.79,73.99,56.64,65.9
"4060","2016-02-23",552.94,35.06,155.1252,43.69,67.9,60.21,73.87,55.63,66.48
"4065","2016-03-01",579.04,36.8,151.8124,43.69,69.04,62.92,75.31,57.14,66.46
"4070","2016-03-08",560.26,37.49,165.1596,44.32,70.99,59.81,76.36,57.28,68.04
"4075","2016-03-15",577.02,37.49,160.383,45.24,73.1,61.4,79,56.75,68.09
"4080","2016-03-22",560.48,37.86,154.156,45.5,75.25,64.9,84.3,59.36,67.87
"4086","2016-03-31",593.64,36.83,147.0954,46.39,75.75,61.47,83.25,58.52,68.49
"4091","2016-04-07",591.43,35.67,144.2516,46.36,75.35,60.3,80.1,56.18,68.22
"4096","2016-04-14",620.75,38.06,165.7275,45.83,76.5,59.49,82.14,60.08,68.8
"4101","2016-04-21",631,40.7,168.6204,43.66,75.83,60.08,82.63,61.19,68.47
"4106","2016-04-28",602,40.65,171.0229,44.63,75.39,58.54,91.98,62.81,68.91
"4112","2016-05-06",673.95,39.53,158.863,45.32,75.54,58.43,89.66,59.76,68.25
"4117","2016-05-13",709.92,39.44,162.1482,45.35,75.01,57.31,85.97,59.23,64.94
"4122","2016-05-20",702.8,41.07,172.4449,43.95,79.82,56.48,85.44,61.43,69.86
"4127","2016-05-27",712.24,42.27,182.5944,44.78,80.35,56.19,84,63.33,70.75
"4132","2016-06-06",726.73,42.39,176.6125,45.37,78.45,54.3,83.27,62.55,71.05
"4137","2016-06-13",715.24,40.96,161.952,45.12,77.5,54.91,83.23,59.11,70.53
"4142","2016-06-20",714.01,40.42,173.4255,44.98,78.59,54.36,85.65,58.65,71.1
"4147","2016-06-27",691.36,35.88,124.7369,43.78,76.32,51.89,79.68,50.79,71.5
"4152","2016-07-05",728.1,37.13,133.2194,45.43,79.42,55.2,83.9,52.6,73.14
"4157","2016-07-12",748.21,39.37,145.6735,45.58,82.94,58.06,88.42,54.71,73.27
"4162","2016-07-19",739.95,39.71,147.4877,45.63,81.42,57.76,91.4,57.46,73.66
"4167","2016-07-26",735.59,39.6,146.1148,44.88,81.06,56.37,92.75,58.32,73.73
"4172","2016-08-02",760.58,38.8,143.1729,43.53,81.97,54.92,87.17,65.33,73.13
"4177","2016-08-09",768.31,40.28,158.0785,43.47,81.34,55.77,89.25,67.81,73.55
"4182","2016-08-16",764.04,39.99,159.5928,43.83,81.48,56.88,89.12,68.99,72.89
"4187","2016-08-23",762.45,40.25,162.4048,43.85,77.3,59.62,92.03,69.32,71.97
"4193","2016-08-31",769.16,41.67,169.9528,43.43,76.56,57.65,93.9,70.24,71.44
"4198","2016-09-08",784.06,41.44,170.8901,43.63,74.13,56.17,93.99,70.54,71.83
"4203","2016-09-15",769.69,40.85,167.2394,42.36,71.31,55.47,91.51,70.37,72.4
"4208","2016-09-22",804.7,40.35,170.8901,42.96,72.08,55.41,93.91,71.04,72.27
"4213","2016-09-29",829.05,39.06,165.0688,42.03,72.01,52.16,95.15,68.59,70.73
"4218","2016-10-06",841.66,40.73,171.9261,41.71,72.09,52.03,97.45,72.5,69.36
"4223","2016-10-13",829.28,39.09,164.2794,41.76,71.1,52.03,94.82,68.76,68.23
"4228","2016-10-20",810.32,42.25,180.6581,41.93,69.89,51.89,93.13,71.03,68.73
"4233","2016-10-27",818.36,43.7,187.9594,42.12,67.16,51.89,91.35,70.81,69.83
"4238","2016-11-03",767.03,43.04,182.8287,42.03,66.59,49.73,91.76,70.35,69.63
"4243","2016-11-10",742.38,46.21,198.418,40.94,69.46,50.39,100.5,76.74,71.39
"4248","2016-11-17",756.4,47.6,209.8633,41.12,67.95,51.59,103.14,78.52,69.19
"4253","2016-11-25",780.37,47.47,212.626,41.53,72.21,51.52,104.34,78.44,71.23
"4258","2016-12-02",740.34,47.65,210.11,40.36,72.31,50.46,105.6,78.44,70.88
"4263","2016-12-09",768.66,48.62,229.9912,42,74.69,51.72,110.6,80.53,70.08
"4268","2016-12-16",757.77,47.56,225.1072,41.74,72.96,50.92,106.67,78.62,70.98
"4273","2016-12-23",760.59,47.58,221.9499,41.6,72.3,51.91,109.28,78.69,69.54
"4279","2017-01-04",757.18,48.71,231.8659,41.65,71.81,53.07,110.64,82.27,69.06
"4284","2017-01-11",799.02,48.03,231.0766,41.05,71.26,52.69,110.55,82.85,68.53
"4289","2017-01-19",809.04,44.84,225.2552,41.14,71.6,52.93,114.42,78.75,67.62
"4294","2017-01-26",839.15,44.97,229.2512,41.81,73.23,53.65,119.51,76.58,66.73
"4299","2017-02-02",839.95,44.8,218.3979,41.4,71.95,52.8,119.47,75.97,66.7
"4304","2017-02-09",821.36,45.5,226.4886,41.25,73.53,55.31,120.65,77.94,69.08
"4309","2017-02-16",844.14,47.07,234.8259,41.2,76.32,56.29,122.93,80.76,68.87
"4314","2017-02-24",845.24,47.09,222.8873,41.78,76.1,57.86,120.08,78.95,72.39
"4319","2017-03-03",849.88,47.95,230.2915,42.48,81.68,56.7,122.4,80.22,70.03
"4324","2017-03-10",852.46,48.17,230.7393,42.29,81.58,56.43,119.66,79.91,70.1
"4329","2017-03-17",852.31,47.91,229.2963,42.03,83.53,57.8,114.71,78.61,69.89
"4334","2017-03-24",845.61,46.25,225.8628,42.12,82.21,56.36,110.66,77.21,69.61
"4339","2017-03-31",886.54,47.23,224.0217,42.44,82.21,55.73,111.97,79.61,72.08
"4344","2017-04-07",894.88,47.15,214.2686,42.61,82.14,55.11,115.9,78.78,72.9
"4350","2017-04-18",903.78,46.89,206.3069,43.48,82.13,56.11,112.85,77.71,73.89
"4355","2017-04-25",907.62,47.23,221.7327,43.11,84.51,55.45,116.78,80.62,75.05
"4361","2017-05-03",941.03,47.4,207.949,43.32,85.53,54.53,117.21,83.78,75.76
"4366","2017-05-10",948.95,47.16,208.9442,43.57,86.06,54.56,116.91,83.56,76.7
"4371","2017-05-17",944.76,46.29,208.4964,43.93,83.75,51.8,112.12,79.82,75.12
"4376","2017-05-24",980.35,46.96,215.4131,45.03,79.85,52.01,114.97,81.81,78.15
"4381","2017-06-01",995.95,47.42,210.0887,45.79,80.43,52.3,124.5,82.82,79.81
"4386","2017-06-08",1010.27,48.39,204.416,45.13,77.64,53.2,120.43,86,78.93
"4391","2017-06-15",964.17,49.78,202.1768,45.25,80.39,52.9,118.29,88.8,78.91
"4396","2017-06-22",1001.3,49.55,195.0611,45.07,78.34,52.4,117.4,88.68,75.52
"4401","2017-06-29",975.93,51.01,204.5156,44.83,76.6,53.17,119.52,89.64,75.93
"4406","2017-07-07",978.76,51.75,207.1529,44.39,77.15,57.98,122.34,90.87,75.33
"4411","2017-07-14",1001.81,52.36,207.5012,44.68,76.06,58,124,92.07,76.34
"4416","2017-07-21",1025.67,53.36,204.0677,45.03,73.84,59.95,117.85,90.99,76.15
"4421","2017-07-28",1020.04,52.66,204.1175,46.01,76.48,58.67,114.23,93.17,79.81
"4426","2017-08-04",987.58,54.02,209.3423,45.5,78.37,59.76,114.61,95.1,80.48
"4431","2017-08-11",967.99,52.19,199.35,45.59,77.26,58.97,116.56,92.08,80.4
"4436","2017-08-18",958.47,52.1,195.65,45.67,73.64,54.95,118.63,92.42,79.31
"4441","2017-08-25",945.26,52.65,194.3,45.57,73.35,53.9,118.21,93.47,78.63
"4447","2017-09-05",965.27,51.2,187.9,45.92,75.68,53.01,121.11,91.79,79.8
"4452","2017-09-12",982.58,51.99,191.35,46.72,78.66,53.4,126.58,94.96,79.61
"4457","2017-09-19",969.86,52.04,188.3,45.98,77.49,53.33,127.8,95.68,80.05
"4462","2017-09-26",938.6,52.12,188.3,45.57,79.29,53.7,131,93.91,79.39
"4467","2017-10-03",957.1,53.8,193.65,45.19,81.35,51.47,131.57,96.99,79.22
"4472","2017-10-10",987.2,54.66,190,45.87,81.1,51.53,130,99.17,84.13
"4477","2017-10-17",1009.13,53.96,191.35,46.52,81.11,52,129.48,97.15,85.98
"4482","2017-10-24",975.9,52.88,198,46.18,81.16,53.42,132.31,96.43,87.98
"4487","2017-10-31",1105.28,51.45,185.95,45.98,79.95,54.99,131.42,92,87.31
"4492","2017-11-07",1123.17,51.07,181.35,45.94,77.63,55.15,129.45,90.28,88.95
"4497","2017-11-14",1136.84,51.85,180.7,47.43,79.23,55.98,126.98,91.31,91.09
"4502","2017-11-21",1139.49,52.42,189.2,45.78,80.59,59.39,129.1,93.06,96.52
"4507","2017-11-29",1161.27,54.41,194.25,45.5,83.3,60.36,136.41,94.68,97.56
"4512","2017-12-06",1152.35,54.02,191,46.45,82.4,59.72,138.73,96.52,97.28
"4517","2017-12-13",1164.13,54.38,202.677,45.9,85.6,64.3,141.83,99.18,97.76
"4522","2017-12-20",1177.62,53.95,203.55,46.08,90.19,63.59,144.84,97.08,98.75
"4528","2017-12-29",1169.47,53.86,203.1,45.88,92.94,62.55,144.9,97.61,98.75
